id,label
20800,3.2693986e-06
20801,0.9999943
20802,0.994709
20803,9.647327e-09
20804,0.99999505
20805,0.99992806
20806,4.9311177e-07
20807,0.99985343
20808,0.9999041
20809,0.9997054
20810,0.15710972
20811,0.99991757
20812,0.2846871
20813,0.9999738
20814,0.9994551
20815,1.1077564e-06
20816,1.6856637e-08
20817,2.6959994e-09
20818,0.9999891
20819,0.0008050658
20820,0.9999199
20821,0.99948543
20822,0.9996038
20823,0.99989444
20824,0.9999711
20825,1.5264303e-06
20826,0.99980146
20827,4.3809184e-08
20828,7.0437477e-07
20829,0.9999241
20830,8.561715e-06
20831,0.99999094
20832,1.1214406e-05
20833,2.3134443e-07
20834,0.9999586
20835,9.522841e-10
20836,5.183987e-07
20837,0.99759567
20838,0.9999524
20839,6.1129487e-07
20840,1.0777494e-07
20841,1.9261411e-07
20842,0.9998557
20843,2.2459606e-08
20844,9.221167e-07
20845,0.9997717
20846,9.865433e-09
20847,0.0041169403
20848,0.9995428
20849,0.9997097
20850,1.7539307e-07
20851,0.9993146
20852,5.3539793e-07
20853,0.9999811
20854,0.99999803
20855,3.0151364e-06
20856,0.9999759
20857,9.309228e-08
20858,1.258916e-08
20859,1.6093646e-08
20860,0.99962884
20861,0.999892
20862,0.9997798
20863,1.1191453e-09
20864,0.9999308
20865,0.9999869
20866,0.9999798
20867,0.9999688
20868,0.99998635
20869,6.9650565e-09
20870,0.99990165
20871,0.9764286
20872,0.99997956
20873,1.8351987e-08
20874,4.785879e-08
20875,7.0736023e-06
20876,9.920988e-08
20877,3.895967e-05
20878,0.99097335
20879,1.6444927e-09
20880,6.6014957e-07
20881,0.9999964
20882,0.0036883433
20883,0.999732
20884,0.99993044
20885,0.9999884
20886,1.322335e-07
20887,3.737405e-08
20888,6.723615e-08
20889,2.1365543e-07
20890,0.99991995
20891,1.1693277e-06
20892,1.6830532e-05
20893,0.9999854
20894,0.9999603
20895,1.1003544e-08
20896,4.1103192e-07
20897,5.157162e-07
20898,0.9999261
20899,0.9999801
20900,0.33931577
20901,0.99999255
20902,3.5265697e-09
20903,8.862939e-05
20904,1.5538683e-07
20905,1.0100328e-05
20906,0.9997128
20907,1.1591252e-06
20908,0.99970984
20909,0.9999981
20910,0.9997219
20911,0.0036232586
20912,1.6195232e-08
20913,3.3805303e-08
20914,6.3519884e-08
20915,1.4194163e-09
20916,4.26383e-09
20917,0.99999756
20918,1.5116338e-07
20919,0.9992826
20920,0.9999148
20921,0.10543217
20922,0.9999934
20923,9.652679e-06
20924,1.1360387e-07
20925,0.9999619
20926,0.9944327
20927,1.2095104e-06
20928,0.9997903
20929,2.620004e-07
20930,0.99979645
20931,3.2426954e-07
20932,0.99998385
20933,2.4973437e-08
20934,4.87285e-08
20935,1.7124511e-06
20936,1.1089088e-07
20937,0.99997187
20938,0.9999905
20939,0.99068236
20940,0.9998968
20941,6.598261e-08
20942,0.999396
20943,0.9934065
20944,0.9999963
20945,3.5137957e-06
20946,0.9999973
20947,0.9999901
20948,1.6763628e-06
20949,4.3548484e-06
20950,0.999639
20951,1.2141564e-05
20952,3.1979954e-07
20953,0.99994856
20954,2.6392163e-06
20955,0.99978995
20956,0.00066103437
20957,0.9971829
20958,6.674766e-08
20959,0.99998146
20960,0.99998575
20961,0.9998491
20962,0.99999267
20963,0.9998194
20964,0.000100842684
20965,0.99962103
20966,5.581251e-09
20967,0.9992089
20968,0.9999116
20969,1.9507215e-08
20970,1.2104913e-05
20971,1.3681766e-06
20972,1.3679952e-06
20973,0.99977076
20974,1.3404154e-05
20975,0.85650635
20976,7.357538e-08
20977,5.4538e-07
20978,6.878894e-10
20979,2.4529207e-08
20980,0.00018337007
20981,1.0141634e-09
20982,7.697097e-09
20983,0.99997133
20984,2.9002211e-07
20985,0.99995357
20986,0.9999618
20987,5.7673365e-08
20988,0.99300534
20989,4.7774794e-08
20990,0.9999881
20991,3.8054967e-08
20992,1.2513792e-05
20993,1.2329821e-07
20994,0.9999594
20995,0.9999935
20996,0.99994785
20997,0.97367996
20998,0.9999778
20999,1.9682968e-05
21000,8.461144e-08
21001,0.9994335
21002,3.1508932e-07
21003,0.954571
21004,0.99995035
21005,0.9999906
21006,0.9999971
21007,0.9999978
21008,1.5247537e-08
21009,1.1963315e-06
21010,4.8063845e-07
21011,0.99997455
21012,0.999934
21013,1.2768303e-08
21014,0.9999006
21015,0.99998593
21016,0.9999781
21017,0.0015375006
21018,2.2602342e-05
21019,0.999986
21020,1.1983414e-08
21021,0.9999812
21022,1.8094129e-07
21023,9.2556014e-08
21024,0.9999938
21025,0.99998146
21026,0.9999969
21027,0.9999889
21028,2.996613e-05
21029,3.9633446e-06
21030,2.3153376e-08
21031,2.2914247e-08
21032,0.9999968
21033,0.9976919
21034,0.9999718
21035,0.99999213
21036,0.99999636
21037,0.99982744
21038,0.9995206
21039,1.7935037e-08
21040,0.9999828
21041,0.9999782
21042,1.8099819e-08
21043,0.99996567
21044,0.9999575
21045,0.00013810927
21046,8.742285e-06
21047,0.9999021
21048,9.466695e-06
21049,0.99993503
21050,0.9999944
21051,0.99997324
21052,0.9999848
21053,1.3863669e-08
21054,0.9999812
21055,9.611586e-09
21056,4.8298684e-06
21057,0.9998512
21058,0.99980664
21059,0.9999684
21060,4.2157746e-05
21061,0.9996516
21062,0.9999981
21063,2.9285417e-08
21064,0.99999374
21065,0.9999895
21066,0.99999267
21067,0.99988174
21068,8.483849e-08
21069,0.98629457
21070,1.0155754e-07
21071,1.5340474e-08
21072,0.99999017
21073,0.99998903
21074,2.7152637e-07
21075,3.3785747e-07
21076,1.2059309e-08
21077,1.0032811e-06
21078,0.00065817474
21079,0.9999918
21080,0.9999666
21081,0.99999696
21082,1.3509631e-05
21083,0.99998903
21084,0.99999475
21085,7.252773e-07
21086,3.8076458e-08
21087,0.99998504
21088,8.1273086e-08
21089,0.999995
21090,2.0267149e-05
21091,0.9999235
21092,4.689009e-06
21093,0.9999241
21094,0.99997264
21095,0.9999793
21096,0.9999828
21097,6.723744e-08
21098,0.9999152
21099,4.909071e-09
21100,1.6423124e-06
21101,1.718457e-09
21102,0.9999295
21103,0.99968225
21104,0.9999287
21105,0.001990816
21106,0.99995446
21107,0.9999921
21108,0.00070111617
21109,0.00046136393
21110,1.0668117e-07
21111,0.9996958
21112,0.9999942
21113,1.0117268e-06
21114,2.5892346e-08
21115,0.9999691
21116,1.83898e-07
21117,0.9999611
21118,2.52912e-08
21119,0.9988209
21120,3.816189e-08
21121,1.5112057e-07
21122,8.823755e-09
21123,0.99999404
21124,9.044349e-06
21125,0.99999094
21126,0.9999576
21127,4.0246073e-07
21128,3.8385033e-09
21129,0.99994403
21130,0.999984
21131,0.0035241784
21132,0.9998938
21133,0.9999046
21134,3.0919941e-06
21135,0.99998415
21136,0.99990326
21137,8.307871e-10
21138,1.5331114e-08
21139,0.012329438
21140,0.999986
21141,5.7537232e-08
21142,0.9999781
21143,7.627185e-08
21144,0.99999493
21145,1.9864622e-06
21146,0.055145808
21147,0.17051822
21148,1.6759339e-05
21149,0.99999726
21150,1.6993476e-05
21151,1.1680989e-05
21152,0.99916726
21153,0.99999434
21154,0.018591665
21155,0.9803704
21156,0.99999267
21157,0.0010347783
21158,1.784233e-05
21159,1.2473458e-07
21160,0.99998623
21161,1.3809681e-06
21162,0.92996955
21163,0.998489
21164,0.9997744
21165,1.5033028e-06
21166,0.99766797
21167,0.9997965
21168,0.00023167625
21169,8.665321e-05
21170,5.34654e-07
21171,0.99915534
21172,2.231027e-06
21173,0.0034091366
21174,0.9999922
21175,2.4759617e-09
21176,0.9999887
21177,0.99994314
21178,2.7521022e-08
21179,2.0600404e-05
21180,4.6717832e-07
21181,0.9998892
21182,0.999395
21183,1.3146585e-07
21184,0.99689007
21185,0.9993388
21186,0.0006456093
21187,0.9994912
21188,1.2906566e-09
21189,6.176064e-05
21190,0.99999654
21191,0.999991
21192,4.5205442e-07
21193,0.99992526
21194,0.00031638742
21195,0.9999989
21196,0.9998937
21197,1.3620067e-09
21198,2.0832324e-06
21199,1.3046143e-07
21200,3.1736313e-08
21201,1.7802815e-05
21202,4.303294e-08
21203,1.3700457e-05
21204,0.9999867
21205,3.3454885e-08
21206,6.9144164e-07
21207,0.999856
21208,9.54529e-08
21209,4.621608e-06
21210,0.99994975
21211,3.0994936e-08
21212,4.0605922e-08
21213,2.9221864e-08
21214,4.2049578e-05
21215,0.00021671611
21216,2.4726733e-08
21217,1.8022652e-08
21218,0.99994403
21219,0.80091256
21220,3.6173603e-07
21221,3.1818876e-05
21222,0.9999757
21223,7.84062e-09
21224,0.9999014
21225,0.9999985
21226,7.5837906e-06
21227,0.99996805
21228,3.846681e-07
21229,2.4048888e-06
21230,9.2981696e-07
21231,0.9998965
21232,1.9844931e-08
21233,0.9999974
21234,1.747826e-07
21235,9.3419565e-08
21236,5.581137e-08
21237,0.99998575
21238,0.9999778
21239,1.623831e-07
21240,0.9999986
21241,5.974589e-06
21242,0.99998915
21243,1.1897351e-05
21244,1.855164e-08
21245,0.9999965
21246,6.2820817e-07
21247,0.9999708
21248,1.9712283e-09
21249,6.853891e-05
21250,0.9999795
21251,0.9999858
21252,0.9999971
21253,0.9999944
21254,0.00012519598
21255,9.821361e-06
21256,1.8601884e-06
21257,0.010840986
21258,0.9999497
21259,9.317275e-08
21260,1.1380274e-07
21261,7.874575e-06
21262,6.7409824e-06
21263,1.1641847e-06
21264,5.9061858e-09
21265,0.000377492
21266,0.0009949129
21267,2.5864023e-07
21268,8.2045665e-07
21269,3.5893302e-06
21270,0.99954003
21271,1.0967927e-07
21272,1.0383333e-07
21273,5.0397406e-09
21274,0.97441804
21275,1.2441193e-07
21276,0.9997141
21277,0.9999895
21278,0.0007629516
21279,0.99995196
21280,0.9999801
21281,0.05614755
21282,0.99998325
21283,2.244961e-07
21284,1.7193038e-08
21285,4.341018e-08
21286,0.9999991
21287,0.99989754
21288,5.3614206e-09
21289,1.9557496e-07
21290,2.8575636e-10
21291,4.4239e-06
21292,1.6008808e-05
21293,0.99998474
21294,9.9881255e-08
21295,6.210919e-07
21296,1.1478169e-06
21297,0.9998242
21298,0.99999195
21299,0.99999154
21300,0.9999767
21301,6.145988e-07
21302,3.442889e-07
21303,0.9999981
21304,0.853926
21305,0.99999565
21306,1.0145648e-07
21307,2.4036256e-06
21308,1.3216328e-07
21309,0.00012848499
21310,0.9999847
21311,0.9999884
21312,0.99999505
21313,2.8862567e-07
21314,6.9777315e-08
21315,0.99998
21316,1.2591747e-07
21317,1.2136098e-06
21318,2.6957603e-05
21319,6.191129e-09
21320,3.7961706e-07
21321,3.0911104e-07
21322,0.9998545
21323,0.9999963
21324,1.18602536e-07
21325,0.99999046
21326,1.2556468e-07
21327,1.9328321e-09
21328,0.99997866
21329,0.9999798
21330,0.9998938
21331,0.999877
21332,5.7485018e-08
21333,0.9999256
21334,0.9999924
21335,0.9151691
21336,0.9986678
21337,1.5480271e-05
21338,0.9999838
21339,1.8828857e-06
21340,0.99999595
21341,0.99997807
21342,0.99998105
21343,0.37965503
21344,8.8265676e-07
21345,0.99991107
21346,4.0908716e-07
21347,4.681265e-07
21348,0.99935955
21349,4.7960132e-08
21350,0.00011894746
21351,0.99997956
21352,7.5387493e-07
21353,0.99992305
21354,0.99999577
21355,5.472955e-06
21356,0.99998426
21357,1.7298957e-08
21358,0.0017305979
21359,0.9999731
21360,0.00011804093
21361,0.99998033
21362,4.1812547e-07
21363,5.4399877e-08
21364,0.9999865
21365,0.99973035
21366,2.7068245e-05
21367,0.99977213
21368,0.99999636
21369,6.183638e-07
21370,0.9999309
21371,1.0254439e-07
21372,0.99999624
21373,8.715368e-09
21374,1.0339434e-05
21375,2.4360992e-07
21376,0.13211726
21377,0.99996537
21378,5.7583563e-08
21379,0.7190233
21380,1.8163263e-06
21381,1.1269082e-05
21382,0.99999505
21383,0.99994016
21384,2.8413675e-05
21385,0.99911803
21386,0.99998087
21387,0.9999319
21388,1.997704e-07
21389,0.9999947
21390,0.9999823
21391,0.9987062
21392,7.860657e-06
21393,3.6847229e-07
21394,7.0588634e-05
21395,7.754256e-09
21396,1.0636286e-06
21397,2.1977552e-07
21398,7.0475483e-09
21399,1.6576001e-08
21400,0.9999954
21401,3.536802e-05
21402,0.9997689
21403,0.99999493
21404,1.7719714e-05
21405,3.355221e-08
21406,9.541628e-09
21407,0.59795934
21408,0.0057187527
21409,1.8044999e-07
21410,0.9999917
21411,0.9999596
21412,1.5631458e-06
21413,7.10074e-08
21414,1.7479857e-05
21415,0.9974854
21416,0.9999922
21417,0.001065568
21418,4.4990164e-05
21419,0.99999493
21420,0.9999768
21421,1.9758671e-07
21422,0.9999866
21423,6.327215e-05
21424,6.3122747e-09
21425,6.754049e-09
21426,0.99999464
21427,9.368684e-07
21428,0.99961036
21429,2.8760866e-08
21430,3.594484e-05
21431,0.9999841
21432,2.3407632e-05
21433,0.9999978
21434,8.3425126e-05
21435,5.904977e-06
21436,1.7873752e-05
21437,0.99996465
21438,7.0177924e-07
21439,0.99999106
21440,0.0011622626
21441,0.99999416
21442,0.99992764
21443,0.9990465
21444,6.634264e-08
21445,0.9999987
21446,0.99978906
21447,3.401434e-08
21448,0.99986386
21449,0.99931353
21450,0.9999902
21451,0.9999891
21452,1.55016e-08
21453,0.96871895
21454,1.9386814e-08
21455,0.23731382
21456,2.6886019e-06
21457,0.99996334
21458,0.00010731549
21459,1.7697971e-07
21460,0.9999944
21461,0.99245286
21462,0.00014235542
21463,0.9999843
21464,2.5571183e-07
21465,2.302817e-07
21466,1.5352029e-05
21467,3.8382268e-08
21468,0.9999568
21469,5.5690634e-06
21470,3.669356e-08
21471,0.99998057
21472,0.92529464
21473,3.7248802e-07
21474,1.9299764e-06
21475,6.078693e-09
21476,0.9999007
21477,0.9997415
21478,1.1607497e-07
21479,0.9997689
21480,0.9999946
21481,1.8103627e-05
21482,0.99998695
21483,6.7512667e-09
21484,1.5342778e-07
21485,0.99979174
21486,0.14295068
21487,0.99999
21488,0.0032529552
21489,2.2523267e-08
21490,9.377755e-05
21491,2.3713023e-08
21492,0.99998754
21493,0.9999548
21494,1.8484955e-06
21495,1.0232679e-06
21496,0.9999565
21497,2.705222e-05
21498,0.9999537
21499,7.305013e-09
21500,2.764493e-07
21501,2.7729362e-08
21502,4.504353e-09
21503,0.99995863
21504,0.116305955
21505,0.99999505
21506,0.9999771
21507,7.548723e-06
21508,1.9777255e-08
21509,0.7235015
21510,1.8629103e-07
21511,0.99985564
21512,4.3188766e-07
21513,0.99996454
21514,8.956892e-06
21515,2.745389e-10
21516,0.9999903
21517,0.99996346
21518,1.5571585e-07
21519,4.8311773e-05
21520,0.9996653
21521,1.8578187e-09
21522,0.99973077
21523,0.9999887
21524,0.99894994
21525,9.612117e-09
21526,4.103443e-09
21527,3.2476528e-08
21528,0.99954635
21529,1.8829235e-08
21530,7.025258e-06
21531,9.8900976e-08
21532,1.14102896e-07
21533,2.5428045e-07
21534,4.4701235e-05
21535,2.2690779e-06
21536,7.9173965e-09
21537,0.9999985
21538,0.999923
21539,7.4245545e-05
21540,0.9999755
21541,0.99998355
21542,1.433496e-09
21543,0.0019940862
21544,0.9999961
21545,1.9916182e-08
21546,2.8727214e-07
21547,1.8595694e-06
21548,0.00025648138
21549,6.274849e-08
21550,0.9999774
21551,0.98886573
21552,0.99996835
21553,0.99998933
21554,5.786271e-07
21555,0.9997185
21556,7.603884e-09
21557,8.245425e-09
21558,0.99996084
21559,0.99940485
21560,1.928028e-08
21561,1.2481824e-07
21562,2.1295923e-06
21563,0.0001492539
21564,0.9999663
21565,0.9999274
21566,3.231369e-07
21567,0.9999787
21568,4.012619e-08
21569,1.401742e-05
21570,0.00018749363
21571,0.9999559
21572,7.5310675e-07
21573,0.98332804
21574,8.114944e-09
21575,3.2184716e-06
21576,8.2062435e-10
21577,0.996061
21578,0.99999034
21579,0.9996763
21580,0.99997294
21581,0.9999241
21582,0.9999955
21583,0.99999845
21584,0.9999978
21585,0.9999959
21586,1.8969236e-05
21587,0.032520805
21588,3.1986183e-09
21589,1.3823297e-08
21590,4.8473944e-06
21591,2.5681433e-09
21592,0.0011304676
21593,0.9998371
21594,0.9999895
21595,3.3612857e-06
21596,3.2148742e-05
21597,0.9999987
21598,5.6344884e-08
21599,0.9999973
21600,1.3714396e-07
21601,1.7867162e-06
21602,0.999605
21603,0.9999449
21604,3.949119e-09
21605,8.955723e-08
21606,8.27904e-05
21607,0.9997248
21608,7.572378e-08
21609,0.99992067
21610,0.99999607
21611,0.9998406
21612,0.9633859
21613,0.0057412684
21614,0.99696267
21615,0.00052666786
21616,1.6954426e-07
21617,8.022708e-10
21618,0.9999891
21619,2.3524933e-06
21620,6.1599383e-09
21621,0.99998826
21622,1.3203368e-05
21623,0.99986935
21624,0.9999783
21625,9.264199e-09
21626,0.99853086
21627,0.9993312
21628,0.9999619
21629,0.9999869
21630,4.994017e-06
21631,0.9999692
21632,4.3710395e-05
21633,0.99999356
21634,5.68392e-05
21635,0.9999697
21636,7.285255e-09
21637,0.9999865
21638,8.494678e-09
21639,0.9999663
21640,0.9999773
21641,0.99998003
21642,1.1687485e-05
21643,0.000116885785
21644,9.380393e-05
21645,0.9999929
21646,1.3968827e-06
21647,1.23571136e-08
21648,4.3471536e-07
21649,0.9998059
21650,0.99999684
21651,0.9997939
21652,0.99658686
21653,4.9332954e-07
21654,0.99991864
21655,1.5648313e-07
21656,0.9999386
21657,0.999763
21658,0.99994874
21659,2.1164585e-08
21660,0.00024475428
21661,0.9999636
21662,0.042658474
21663,0.99948496
21664,2.1672727e-06
21665,0.99999154
21666,0.04133884
21667,0.9999921
21668,0.99999905
21669,1.2092333e-09
21670,0.99998164
21671,1.2467667e-05
21672,9.814422e-07
21673,0.99897677
21674,1.3921508e-07
21675,4.8953336e-07
21676,2.1535578e-07
21677,0.99999636
21678,0.99969244
21679,4.4901136e-09
21680,1.5194003e-08
21681,0.99998474
21682,0.99591273
21683,0.9999926
21684,0.99997205
21685,0.9999358
21686,0.99997616
21687,0.9999295
21688,0.9982413
21689,0.9999883
21690,0.99999815
21691,4.6350735e-07
21692,0.9999796
21693,1.0912866e-05
21694,0.083116904
21695,0.9998006
21696,2.1570904e-06
21697,2.8780192e-07
21698,2.3518129e-07
21699,0.99992424
21700,0.9999906
21701,3.5648404e-09
21702,0.0014955983
21703,6.1932224e-07
21704,5.569317e-10
21705,0.9999949
21706,2.2471404e-06
21707,0.9999883
21708,0.99996525
21709,0.99996763
21710,1.6781158e-06
21711,3.3165048e-08
21712,0.9999683
21713,0.9999958
21714,0.99993867
21715,0.9999926
21716,3.4716004e-06
21717,1.3138908e-08
21718,0.99006045
21719,1.9843934e-07
21720,4.2000784e-07
21721,0.99998206
21722,0.9999579
21723,0.9999429
21724,2.5193657e-08
21725,0.9999928
21726,0.9999356
21727,3.6515704e-07
21728,3.1599117e-07
21729,0.9998494
21730,0.99721277
21731,1.28382185e-08
21732,0.97944033
21733,0.9999948
21734,6.4231776e-06
21735,0.0061437646
21736,7.6383664e-08
21737,2.4842277e-07
21738,0.999398
21739,0.0065778303
21740,0.99992627
21741,0.9999843
21742,0.9999241
21743,0.999974
21744,0.9999702
21745,1.7710679e-06
21746,0.9999241
21747,0.9999759
21748,0.9999836
21749,0.99886435
21750,0.9997964
21751,5.1634903e-08
21752,1.091007e-07
21753,0.999799
21754,1.1831207e-05
21755,2.788825e-06
21756,0.9999663
21757,0.9999209
21758,4.1251667e-08
21759,2.5135853e-07
21760,0.9999782
21761,1.8325927e-08
21762,0.9983051
21763,0.9999884
21764,2.0508413e-08
21765,0.99993587
21766,0.9999816
21767,2.3257003e-06
21768,4.8009696e-07
21769,0.99999326
21770,4.1720702e-07
21771,3.0934264e-09
21772,3.28192e-08
21773,2.6250837e-07
21774,0.9998867
21775,9.703781e-07
21776,5.7897545e-08
21777,0.00078040356
21778,0.9999958
21779,0.73566747
21780,3.760982e-08
21781,4.556703e-08
21782,0.99997985
21783,0.99998933
21784,0.99994797
21785,0.99999624
21786,9.967008e-06
21787,6.071628e-07
21788,3.5968992e-07
21789,0.9999977
21790,0.99466574
21791,8.909294e-07
21792,0.0013826479
21793,3.6085357e-08
21794,0.9999908
21795,3.1015574e-08
21796,0.99998933
21797,6.183785e-07
21798,0.99782056
21799,2.3670907e-08
21800,1.0790082e-07
21801,0.99995726
21802,0.9999823
21803,0.99998206
21804,1.1324345e-07
21805,1.5387215e-08
21806,0.9999976
21807,0.99997675
21808,0.9999166
21809,0.9998938
21810,0.9999742
21811,0.99987096
21812,5.20236e-08
21813,7.8314e-06
21814,0.9999882
21815,3.0619078e-06
21816,0.9999932
21817,0.00579722
21818,0.9999925
21819,7.11955e-08
21820,0.0028565137
21821,0.9999663
21822,1.584675e-05
21823,4.1926506e-07
21824,0.99996746
21825,4.158145e-09
21826,0.9999835
21827,0.99996567
21828,0.99981934
21829,0.99989355
21830,0.9999897
21831,0.99999106
21832,0.99993306
21833,0.91165996
21834,0.9999241
21835,0.99999875
21836,1.6138577e-09
21837,0.9999978
21838,4.2186887e-10
21839,0.9999964
21840,0.99999076
21841,0.99997354
21842,6.006568e-09
21843,1.0784876e-07
21844,0.9999673
21845,0.07549269
21846,3.712502e-05
21847,0.99996275
21848,0.99999
21849,0.99994624
21850,0.99994797
21851,0.9999939
21852,2.4037468e-09
21853,0.99998415
21854,0.9997086
21855,0.99997437
21856,3.5446655e-07
21857,0.99989593
21858,0.002641364
21859,3.6997442e-06
21860,1.0718542e-06
21861,0.9999497
21862,0.99997634
21863,0.99998075
21864,3.7523484e-06
21865,0.9999091
21866,0.9999248
21867,1.0896626e-09
21868,4.3584155e-08
21869,0.99998844
21870,0.9999894
21871,5.5468906e-08
21872,2.3331704e-07
21873,0.9999049
21874,0.9999767
21875,0.9998485
21876,8.460991e-10
21877,2.4396452e-06
21878,0.99994826
21879,0.99997216
21880,5.042368e-07
21881,0.99990225
21882,0.99998593
21883,3.2724292e-05
21884,0.9998434
21885,4.3016777e-07
21886,9.198673e-07
21887,8.865461e-08
21888,0.9999889
21889,3.9722145e-06
21890,0.9490548
21891,1.715513e-07
21892,3.7070932e-10
21893,2.2886626e-07
21894,3.5880023e-06
21895,0.99999905
21896,0.99998885
21897,0.009739166
21898,6.702808e-08
21899,0.9999288
21900,1.1368173e-06
21901,0.9999537
21902,0.9997756
21903,0.9999894
21904,0.3115948
21905,0.99999875
21906,0.9997705
21907,0.9999843
21908,0.9352367
21909,1.6497296e-06
21910,0.060952034
21911,1.7853745e-07
21912,7.1104815e-09
21913,4.4001457e-08
21914,0.89964247
21915,0.99996984
21916,1.941253e-08
21917,4.7419647e-08
21918,3.775778e-06
21919,3.0556627e-08
21920,1.6754935e-07
21921,0.99998564
21922,7.3914424e-07
21923,2.6814813e-09
21924,4.5072356e-05
21925,7.9195515e-06
21926,2.4422613e-07
21927,0.9999384
21928,0.9999933
21929,0.9999669
21930,0.9999758
21931,0.99997365
21932,0.9999924
21933,0.9999438
21934,0.99994737
21935,0.00028824262
21936,0.98045236
21937,0.98913676
21938,0.9999646
21939,0.9999458
21940,0.9990209
21941,3.2003325e-07
21942,9.0169186e-07
21943,0.9999716
21944,0.99997634
21945,0.9999568
21946,0.99999017
21947,0.9995456
21948,1.5020941e-08
21949,1.791593e-07
21950,0.9999975
21951,0.9999833
21952,4.248046e-06
21953,1.5128928e-06
21954,0.9999978
21955,0.99998057
21956,2.1943937e-07
21957,0.99999666
21958,1.06873834e-07
21959,6.77173e-10
21960,0.99997646
21961,2.5018953e-06
21962,2.2828004e-08
21963,3.6284476e-07
21964,2.4303486e-05
21965,0.99724805
21966,0.99997497
21967,1.2764918e-08
21968,0.99993235
21969,0.99990326
21970,1.9775123e-06
21971,0.99997634
21972,1.6395725e-07
21973,1.4620375e-08
21974,0.97872883
21975,0.99929917
21976,0.9999024
21977,0.00017120794
21978,0.9998787
21979,8.144285e-08
21980,5.2113535e-07
21981,0.9991096
21982,5.0583076e-09
21983,0.0009600492
21984,0.9998277
21985,0.9998377
21986,1.0244011e-09
21987,0.99984264
21988,0.00011408017
21989,2.2309028e-05
21990,0.9997977
21991,0.0021606456
21992,0.9999867
21993,0.9997346
21994,0.9999088
21995,0.9999537
21996,6.3084353e-06
21997,0.0008331207
21998,1.3877823e-08
21999,9.216053e-08
22000,0.99999046
22001,0.99998623
22002,0.99992794
22003,0.99999076
22004,0.99526685
22005,0.9999855
22006,0.99997616
22007,8.153898e-10
22008,9.625107e-09
22009,1.0018383e-05
22010,1.7622664e-06
22011,0.99913955
22012,0.0016906937
22013,3.5167235e-05
22014,0.014477751
22015,3.1924948e-08
22016,1.3558637e-05
22017,3.7402916e-09
22018,4.365658e-07
22019,0.9999696
22020,0.99998766
22021,0.9995512
22022,4.601439e-06
22023,0.99999094
22024,4.814185e-09
22025,3.5891208e-07
22026,0.9998561
22027,0.9999241
22028,1.7971677e-08
22029,0.25085956
22030,0.9999945
22031,0.99995834
22032,1.5693454e-08
22033,0.99992627
22034,0.9999848
22035,0.00012432064
22036,1.8847187e-07
22037,1.1298332e-08
22038,0.9996129
22039,7.03266e-08
22040,3.6663547e-08
22041,0.9999934
22042,0.9999929
22043,5.847743e-06
22044,1.5413114e-05
22045,0.999997
22046,0.9999303
22047,2.808113e-07
22048,3.059866e-05
22049,0.9999982
22050,0.00019259039
22051,1.2783758e-07
22052,3.076952e-07
22053,1.7521e-07
22054,0.99979776
22055,0.9997602
22056,0.995351
22057,0.99983275
22058,0.99995047
22059,0.004385742
22060,1.330091e-06
22061,0.19684802
22062,0.99995023
22063,5.046942e-06
22064,2.1383821e-08
22065,0.9994709
22066,0.99999946
22067,6.123773e-07
22068,0.99997836
22069,0.9999694
22070,0.99999636
22071,0.99998176
22072,6.307918e-06
22073,1.06871184e-07
22074,0.02707901
22075,7.735248e-06
22076,1.177991e-08
22077,1.2613273e-07
22078,1.8995334e-07
22079,2.3935675e-06
22080,8.233717e-09
22081,0.99998003
22082,5.669727e-09
22083,0.70517886
22084,7.4225843e-09
22085,0.99995184
22086,0.99980676
22087,0.99994
22088,2.2843423e-08
22089,0.99999905
22090,0.99953294
22091,6.770928e-07
22092,0.99995077
22093,0.9926154
22094,7.414691e-05
22095,5.604635e-09
22096,0.99991095
22097,1.239247e-08
22098,0.0022476858
22099,1.063413e-05
22100,3.4054824e-07
22101,7.60879e-08
22102,0.99972785
22103,2.7491836e-07
22104,0.99250305
22105,1.4014494e-08
22106,2.736766e-07
22107,7.9189226e-07
22108,0.99996793
22109,2.9191617e-06
22110,0.99998623
22111,0.9993962
22112,0.9999877
22113,0.9995117
22114,6.1948406e-08
22115,0.9999817
22116,8.9317055e-08
22117,8.3170434e-08
22118,1.6291327e-07
22119,1.1471172e-07
22120,0.99989533
22121,0.9999064
22122,0.9999663
22123,0.9999918
22124,1.14144036e-07
22125,6.1770806e-09
22126,0.9998433
22127,0.9999902
22128,3.478603e-06
22129,6.4365304e-07
22130,0.999923
22131,0.99999416
22132,0.00050962024
22133,0.999995
22134,7.710928e-08
22135,3.2576495e-06
22136,5.5288037e-06
22137,6.472216e-06
22138,3.0433884e-09
22139,2.7894933e-07
22140,1.5713694e-07
22141,2.4180075e-08
22142,0.9999845
22143,1.4210957e-09
22144,0.99992585
22145,2.81842e-08
22146,0.99989516
22147,0.99999505
22148,0.6431891
22149,0.9999767
22150,6.3602386e-07
22151,7.736236e-08
22152,0.9999989
22153,0.042448405
22154,1.0886642e-05
22155,0.9999898
22156,6.6278835e-07
22157,0.99488795
22158,0.99998504
22159,0.99996126
22160,0.9914368
22161,0.9997388
22162,2.6745417e-07
22163,4.057723e-06
22164,0.001995443
22165,0.9999665
22166,0.99999726
22167,1.7951386e-09
22168,0.99999774
22169,0.99999195
22170,4.0969465e-07
22171,4.9771256e-07
22172,0.9998235
22173,8.878724e-09
22174,0.99996364
22175,9.4114384e-08
22176,2.4338737e-08
22177,0.1662433
22178,0.9999796
22179,1.382126e-07
22180,0.37054193
22181,0.99999636
22182,3.3012765e-07
22183,7.410188e-07
22184,0.99998933
22185,0.9998849
22186,0.99999946
22187,1.9386e-08
22188,4.8166373e-09
22189,1.7001714e-08
22190,0.0010521635
22191,9.1788945e-07
22192,0.9999875
22193,0.9999433
22194,3.087425e-07
22195,0.99999785
22196,1.7472044e-07
22197,0.99998456
22198,0.9998924
22199,1.0085701e-07
22200,6.4945866e-09
22201,1.7504899e-09
22202,0.00029946642
22203,0.99999464
22204,0.99999154
22205,1.1508553e-06
22206,3.1284682e-05
22207,2.6437065e-05
22208,0.9999704
22209,0.999795
22210,3.025443e-07
22211,0.99995744
22212,0.9999674
22213,0.9999963
22214,0.9999864
22215,2.0031359e-05
22216,2.6914626e-07
22217,0.9999234
22218,1.0451767e-05
22219,0.9999836
22220,0.00012016146
22221,0.4295348
22222,0.999976
22223,0.9999966
22224,0.9999713
22225,0.9999241
22226,2.299052e-05
22227,3.6236735e-05
22228,0.99995154
22229,0.999909
22230,0.9999237
22231,0.9999572
22232,3.6933633e-07
22233,3.9918837e-09
22234,0.00024342936
22235,1.804208e-05
22236,0.99999106
22237,0.99998975
22238,0.9999654
22239,0.99994814
22240,5.189304e-07
22241,1.4765085e-06
22242,0.99997246
22243,2.6102973e-06
22244,0.99946
22245,0.99999595
22246,0.000111987574
22247,1.9407908e-07
22248,0.9999975
22249,0.0007892765
22250,0.99992734
22251,7.496601e-08
22252,0.99998313
22253,5.7402406e-08
22254,2.9885356e-08
22255,1.690329e-08
22256,0.9934064
22257,8.040609e-08
22258,0.9996496
22259,0.99999404
22260,0.2557817
22261,4.3218346e-08
22262,0.9999795
22263,8.3485405e-09
22264,0.9999288
22265,0.9999957
22266,2.4323285e-08
22267,0.00092422625
22268,0.9999809
22269,0.999886
22270,3.60718e-08
22271,2.4267027e-08
22272,0.99997246
22273,0.99998575
22274,2.491281e-07
22275,0.99996364
22276,0.99994016
22277,5.1350668e-08
22278,0.9999366
22279,0.99998903
22280,4.2006434e-08
22281,6.182848e-07
22282,0.9999837
22283,0.9998877
22284,5.5889075e-07
22285,0.6555195
22286,0.9999858
22287,4.7965713e-08
22288,4.477568e-05
22289,0.9999901
22290,9.9566265e-08
22291,8.222229e-09
22292,4.256495e-08
22293,1.9285449e-06
22294,4.4985787e-05
22295,0.9999524
22296,4.160676e-09
22297,3.473116e-08
22298,0.037399363
22299,0.99920654
22300,0.9999891
22301,0.9999817
22302,2.147083e-06
22303,0.0039644856
22304,0.9999972
22305,0.9999569
22306,0.9999004
22307,0.999979
22308,2.8546628e-08
22309,1.8041213e-07
22310,0.056964483
22311,3.6000113e-08
22312,1.34293205e-05
22313,0.99984646
22314,0.99998224
22315,0.9999737
22316,0.99051756
22317,1.137187e-06
22318,4.556312e-08
22319,0.9999643
22320,8.866878e-09
22321,0.99999315
22322,0.08731255
22323,0.9999705
22324,2.7158646e-09
22325,0.99997133
22326,0.99998
22327,2.0462974e-07
22328,0.99999523
22329,0.99999744
22330,0.999991
22331,0.9999871
22332,0.000203126
22333,0.9999152
22334,0.9999911
22335,2.1958419e-08
22336,3.928341e-06
22337,1.0469898e-08
22338,0.9999866
22339,0.20290469
22340,0.99686164
22341,2.6168675e-07
22342,0.9999694
22343,7.970671e-09
22344,7.5613954e-08
22345,8.161507e-05
22346,2.6600353e-09
22347,0.99809974
22348,4.281866e-09
22349,1.1693165e-06
22350,0.99993336
22351,2.5863875e-07
22352,0.99999005
22353,0.9999964
22354,0.99999595
22355,1.493485e-05
22356,0.999641
22357,0.99998134
22358,0.99995124
22359,0.9999973
22360,0.99998885
22361,2.1659867e-09
22362,4.2237357e-06
22363,3.071991e-07
22364,0.99997574
22365,0.9999313
22366,0.99997824
22367,5.197595e-07
22368,8.4652274e-05
22369,1.5274904e-06
22370,0.99999857
22371,0.9998291
22372,0.99995005
22373,0.9997847
22374,3.2235332e-09
22375,1.2572765e-05
22376,6.260963e-07
22377,0.9999963
22378,0.9999178
22379,0.9922312
22380,9.449265e-08
22381,0.9999986
22382,0.999994
22383,0.99999374
22384,5.298931e-07
22385,0.999951
22386,0.9999887
22387,0.9999862
22388,5.814544e-08
22389,0.9998646
22390,1.409366e-06
22391,0.999958
22392,2.6907156e-07
22393,0.999997
22394,3.0529108e-07
22395,0.9999101
22396,2.5822018e-08
22397,0.9989782
22398,9.610049e-08
22399,0.9999606
22400,1.6951331e-08
22401,0.9980926
22402,1.3416238e-07
22403,0.9995068
22404,0.99937975
22405,0.9997329
22406,0.99999654
22407,0.99967486
22408,1.11744626e-07
22409,1.4282561e-05
22410,0.00021245847
22411,1.10774785e-08
22412,0.999997
22413,1.5245035e-08
22414,0.9999392
22415,0.9999925
22416,1.3549254e-07
22417,0.99545085
22418,0.9999899
22419,0.99998957
22420,3.9454994e-06
22421,2.632527e-07
22422,1.7927586e-07
22423,1.2417786e-06
22424,9.421497e-05
22425,0.99991524
22426,2.598926e-06
22427,0.9999858
22428,0.99992716
22429,8.848163e-08
22430,4.4475577e-08
22431,0.9999719
22432,0.9999716
22433,0.99995136
22434,0.9999922
22435,0.99992245
22436,9.634763e-06
22437,5.5786864e-09
22438,0.99999017
22439,0.0018364805
22440,0.9999546
22441,0.99999803
22442,0.999988
22443,9.311533e-06
22444,0.99995965
22445,3.0273416e-08
22446,4.235005e-06
22447,0.9976189
22448,0.99996716
22449,0.99997973
22450,0.9999843
22451,0.9999912
22452,9.014399e-09
22453,1.286183e-06
22454,0.99997103
22455,0.9999983
22456,0.9999976
22457,1.476855e-06
22458,2.5524403e-07
22459,0.00023971933
22460,3.5080287e-08
22461,0.9999051
22462,0.038373902
22463,0.00019089378
22464,2.8760107e-07
22465,0.0007791578
22466,0.99998486
22467,0.9999782
22468,4.1129105e-08
22469,2.0540851e-07
22470,2.8709472e-05
22471,0.9998013
22472,2.5873118e-10
22473,0.9999974
22474,5.563166e-06
22475,0.99990577
22476,0.9997434
22477,0.99994373
22478,0.9999885
22479,6.6739462e-06
22480,0.9999841
22481,0.99963367
22482,0.9999244
22483,5.3824865e-09
22484,0.9999977
22485,5.2505166e-06
22486,0.9999795
22487,0.00151751
22488,6.437331e-06
22489,9.426493e-08
22490,1.7587898e-07
22491,0.9999831
22492,9.54871e-09
22493,1.18270016e-07
22494,0.9999766
22495,3.8660715e-09
22496,8.3352625e-06
22497,3.00254e-07
22498,0.9998898
22499,9.640981e-09
22500,0.859209
22501,1.0891419e-07
22502,1.8140626e-09
22503,6.014986e-08
22504,1.83256e-07
22505,9.035685e-06
22506,0.9999897
22507,0.99995613
22508,0.9999401
22509,0.9999515
22510,0.99998987
22511,3.8799053e-06
22512,2.0794653e-08
22513,0.00024191364
22514,0.9999984
22515,0.00094425655
22516,0.9999992
22517,0.9999966
22518,4.6939117e-08
22519,0.99998194
22520,1.1672487e-08
22521,0.99992114
22522,0.9999241
22523,5.4217297e-05
22524,0.99986905
22525,2.7198764e-06
22526,5.7656206e-07
22527,0.99999064
22528,2.4498629e-08
22529,0.9999461
22530,0.999918
22531,0.99993503
22532,0.9999473
22533,0.9999861
22534,0.99977565
22535,2.6136752e-07
22536,2.6631292e-06
22537,0.019122794
22538,0.99718595
22539,1.2056405e-07
22540,1.5527928e-07
22541,0.9999827
22542,5.209718e-08
22543,0.98402506
22544,0.9999931
22545,1.3876982e-07
22546,2.0538595e-05
22547,0.9999865
22548,6.226065e-08
22549,0.9999715
22550,1.3571634e-08
22551,1.3665945e-07
22552,1.4371249e-06
22553,0.41333905
22554,0.9999956
22555,4.4234632e-08
22556,3.8385722e-05
22557,0.99999315
22558,1.8118784e-06
22559,0.9999319
22560,7.420323e-08
22561,4.4228327e-06
22562,0.99998635
22563,0.9999968
22564,0.9999447
22565,3.1568604e-07
22566,1.6948894e-06
22567,5.510862e-10
22568,0.99998355
22569,5.0193967e-07
22570,1.5548689e-05
22571,0.99993384
22572,0.9999743
22573,0.99999034
22574,0.00029691693
22575,0.9999159
22576,0.9992794
22577,1.6070187e-06
22578,0.99998856
22579,0.99999344
22580,1.6551854e-06
22581,5.501087e-06
22582,0.999927
22583,8.5888377e-07
22584,2.7412146e-09
22585,0.9988527
22586,1.1343412e-07
22587,0.9841996
22588,1.1013129e-06
22589,1.6852284e-06
22590,1.8746332e-06
22591,0.99953413
22592,3.844844e-05
22593,6.706747e-08
22594,3.34624e-09
22595,5.567306e-06
22596,5.388303e-08
22597,0.9999573
22598,0.003150987
22599,9.057403e-08
22600,0.9999906
22601,0.9979001
22602,3.0834232e-07
22603,5.5784705e-07
22604,7.76128e-10
22605,4.813995e-07
22606,0.9999894
22607,4.3004718e-07
22608,3.0467513e-09
22609,9.079785e-08
22610,0.9999938
22611,0.99997336
22612,6.5943314e-06
22613,0.99997824
22614,0.9999823
22615,0.9998848
22616,9.162299e-08
22617,0.9999947
22618,0.999973
22619,0.99998105
22620,7.9618025e-05
22621,0.99967027
22622,0.99997866
22623,1.8103547e-08
22624,2.0734058e-06
22625,0.99994886
22626,0.00023130082
22627,6.45673e-09
22628,0.9999241
22629,0.9999992
22630,0.9999873
22631,5.423678e-09
22632,0.999999
22633,4.8188177e-08
22634,8.361681e-07
22635,2.3700316e-08
22636,0.9999241
22637,0.99999547
22638,4.546225e-07
22639,1.4695578e-06
22640,0.9999966
22641,8.48146e-07
22642,0.99998903
22643,2.9518951e-05
22644,2.3763869e-08
22645,0.9999938
22646,0.0052402737
22647,0.9999759
22648,0.99998903
22649,0.9997588
22650,0.99994016
22651,0.99998456
22652,2.3153803e-05
22653,0.99999756
22654,0.99992436
22655,0.9999722
22656,4.669968e-09
22657,0.99993837
22658,3.2308645e-09
22659,7.346605e-05
22660,4.4379823e-07
22661,0.9999952
22662,0.9999757
22663,0.9999156
22664,7.257361e-10
22665,0.99999106
22666,0.999938
22667,1.651044e-07
22668,3.7006522e-09
22669,0.9999858
22670,0.0037744183
22671,0.99996984
22672,0.9998076
22673,0.99995273
22674,0.9999783
22675,0.99965745
22676,0.99996644
22677,0.99998033
22678,7.1312356e-06
22679,0.99997705
22680,6.803624e-06
22681,0.9999931
22682,7.984944e-09
22683,1.714585e-08
22684,0.999988
22685,6.050629e-05
22686,5.1097523e-08
22687,3.139079e-07
22688,6.984328e-06
22689,0.99997455
22690,6.351065e-06
22691,1.1275893e-07
22692,0.9997787
22693,0.0002817449
22694,9.0986697e-07
22695,0.9999977
22696,0.9999883
22697,0.9999845
22698,0.9999947
22699,0.9115233
22700,0.99998873
22701,0.99988425
22702,2.2842927e-07
22703,4.01581e-09
22704,7.0665206e-05
22705,0.0037752683
22706,2.5427408e-08
22707,0.99999076
22708,0.999984
22709,0.9603248
22710,9.219074e-09
22711,1.0699428e-05
22712,1.12262635e-08
22713,0.92324924
22714,0.0008544132
22715,2.5022986e-05
22716,0.9994754
22717,1.170262e-07
22718,1.6415228e-08
22719,0.9999979
22720,1.6386938e-06
22721,2.0960529e-07
22722,0.99998426
22723,1.0033643e-06
22724,1.13724845e-07
22725,8.653263e-07
22726,0.01885789
22727,4.6046424e-08
22728,6.802362e-09
22729,0.9949787
22730,8.692802e-06
22731,5.536018e-05
22732,0.99991167
22733,0.9999739
22734,0.9999894
22735,5.9371552e-05
22736,0.0033825242
22737,0.9995908
22738,4.0767958e-08
22739,0.000106124746
22740,1.4765295e-07
22741,0.9999977
22742,3.3034993e-08
22743,9.739031e-06
22744,0.0003967034
22745,0.9999645
22746,0.99999434
22747,0.999946
22748,3.6372125e-08
22749,0.99996835
22750,0.9999811
22751,1.2381506e-06
22752,0.00047863091
22753,0.9999819
22754,0.9997023
22755,0.9912183
22756,1.7846612e-07
22757,0.006916679
22758,0.99997956
22759,0.9999295
22760,0.001616937
22761,0.9999278
22762,0.99994504
22763,0.000104716084
22764,6.9067255e-06
22765,2.7864965e-07
22766,4.9671808e-06
22767,0.00012283331
22768,1.3478603e-07
22769,0.9999982
22770,0.9999875
22771,2.1384872e-09
22772,0.9999937
22773,2.5236807e-07
22774,0.99997944
22775,5.3487297e-06
22776,0.0007699898
22777,0.99999505
22778,3.0302978e-09
22779,0.9999563
22780,0.99417806
22781,1.0383511e-07
22782,0.9999676
22783,1.1041829e-05
22784,0.9999756
22785,1.52046205e-05
22786,1.9363708e-09
22787,5.3353546e-07
22788,6.3216817e-07
22789,0.9999241
22790,0.99999106
22791,2.1724168e-06
22792,0.99999774
22793,0.9999826
22794,5.505404e-08
22795,0.9995196
22796,0.9999789
22797,2.9032918e-08
22798,1.1185844e-05
22799,0.99999774
22800,4.079304e-06
22801,0.9999287
22802,0.9999929
22803,0.99929726
22804,3.1228825e-05
22805,0.99999756
22806,0.9999746
22807,5.011509e-07
22808,0.9999983
22809,0.99994475
22810,2.7475651e-05
22811,0.9999949
22812,1.961961e-07
22813,0.9999492
22814,6.3600986e-08
22815,0.8671417
22816,7.378916e-06
22817,2.4290717e-05
22818,0.99999076
22819,0.99946004
22820,0.9937804
22821,0.99999803
22822,9.6683486e-08
22823,1.0194321e-06
22824,6.5731482e-09
22825,7.043888e-06
22826,1.9527434e-07
22827,0.9999874
22828,2.5513737e-08
22829,0.99968284
22830,3.2963417e-06
22831,0.99991757
22832,2.0696916e-08
22833,1.9546695e-08
22834,9.1626223e-10
22835,0.9999301
22836,0.99964875
22837,0.9996604
22838,0.999923
22839,0.9999674
22840,0.9999572
22841,0.9999548
22842,0.9999839
22843,0.9999894
22844,0.9999284
22845,1.7299972e-05
22846,0.9999759
22847,0.99999493
22848,0.053453334
22849,0.9999794
22850,3.5992466e-06
22851,1.576545e-07
22852,0.9999505
22853,9.870307e-09
22854,0.999999
22855,3.4894907e-07
22856,3.4889424e-06
22857,0.002738834
22858,2.2608839e-07
22859,1.3482383e-09
22860,3.7530405e-09
22861,0.9999947
22862,0.99997056
22863,0.99992865
22864,1.9467913e-07
22865,2.1997739e-08
22866,0.99998796
22867,1.634648e-06
22868,0.99997836
22869,0.3154989
22870,0.99992824
22871,0.9999564
22872,3.563102e-08
22873,9.15289e-05
22874,2.3102596e-06
22875,0.99997634
22876,0.9998938
22877,1.2182669e-05
22878,3.4832766e-07
22879,0.9997983
22880,0.9995452
22881,5.9933063e-06
22882,0.9999423
22883,8.608707e-09
22884,0.9999599
22885,1.2771079e-08
22886,8.351124e-08
22887,0.0010890338
22888,6.7905944e-08
22889,3.521515e-09
22890,0.9983667
22891,0.9999943
22892,0.9999531
22893,1.7209969e-08
22894,0.99999064
22895,0.9983039
22896,1.1994041e-07
22897,0.9999241
22898,4.9849506e-05
22899,1.8935041e-05
22900,0.99986345
22901,3.0255028e-06
22902,0.9999249
22903,0.9999787
22904,1.12328e-07
22905,5.8185527e-05
22906,8.10237e-09
22907,0.9999986
22908,0.9999901
22909,6.868582e-07
22910,0.99946475
22911,2.594851e-08
22912,0.99986047
22913,0.9999346
22914,0.9999996
22915,4.1605253e-09
22916,9.302303e-09
22917,0.9999919
22918,6.729985e-07
22919,0.99997133
22920,0.99996895
22921,0.99996513
22922,3.3031313e-07
22923,0.035911925
22924,0.11376946
22925,0.9999175
22926,0.9999989
22927,0.9999579
22928,0.9999457
22929,0.008359153
22930,0.99999
22931,3.937494e-05
22932,0.99929434
22933,0.0012790859
22934,0.99999344
22935,0.9999948
22936,0.9999872
22937,0.9999965
22938,0.9999815
22939,1.1208569e-08
22940,0.0053246394
22941,6.6778616e-06
22942,0.9999682
22943,0.9999575
22944,0.00030700344
22945,0.9999943
22946,4.912206e-06
22947,3.881008e-06
22948,0.99993277
22949,0.9999736
22950,0.99998116
22951,0.9999995
22952,3.1707111e-06
22953,1.697034e-06
22954,0.9988446
22955,3.4825884e-08
22956,0.9948965
22957,6.1888336e-06
22958,1.25059465e-08
22959,0.9999844
22960,0.99999744
22961,0.99972576
22962,4.6053364e-07
22963,0.0032407087
22964,0.99981266
22965,0.99623775
22966,0.9998253
22967,5.91651e-06
22968,1.1669527e-08
22969,2.2930976e-07
22970,0.99997675
22971,1.4448479e-05
22972,0.99948436
22973,0.99999505
22974,0.9995186
22975,1.8638908e-06
22976,3.341218e-06
22977,1.3273551e-06
22978,0.9999986
22979,7.164473e-09
22980,0.9999923
22981,9.0102736e-07
22982,0.9998588
22983,0.9999003
22984,5.4435166e-08
22985,1.0170588e-06
22986,0.9999903
22987,0.42556265
22988,0.9998246
22989,0.9997316
22990,0.9999688
22991,0.99956036
22992,1.7132012e-07
22993,1.7438416e-09
22994,0.9999645
22995,0.9985836
22996,0.9999241
22997,0.9999615
22998,0.99999404
22999,0.9999964
23000,3.0925287e-07
23001,5.808291e-05
23002,2.8633644e-07
23003,0.9998938
23004,0.9995458
23005,0.9998367
23006,0.99999535
23007,0.98951364
23008,3.7923003e-09
23009,1.1852413e-08
23010,4.8020735e-07
23011,0.99979615
23012,0.99995995
23013,3.8496058e-08
23014,0.9970494
23015,0.9994985
23016,0.9999779
23017,4.7087074e-08
23018,4.555415e-09
23019,1.4904052e-07
23020,1.1299625e-08
23021,0.9999971
23022,0.9999964
23023,4.582113e-07
23024,0.99998736
23025,1.6063046e-06
23026,0.9999564
23027,0.99993116
23028,4.5924047e-09
23029,1.5161585e-07
23030,5.634596e-08
23031,3.2223184e-07
23032,0.99999076
23033,0.000107352935
23034,0.99952424
23035,0.9999952
23036,0.9986212
23037,0.9992224
23038,0.9884076
23039,1.8185578e-05
23040,0.9999984
23041,0.9999896
23042,0.9999966
23043,6.082285e-05
23044,0.9992072
23045,1.1104492e-08
23046,0.9999839
23047,0.00029458728
23048,0.9999651
23049,3.2205605e-08
23050,4.1933184e-08
23051,0.99999034
23052,6.4526574e-08
23053,4.6944402e-07
23054,9.038692e-07
23055,0.9992971
23056,0.99997115
23057,0.99998015
23058,0.9999931
23059,1.1817502e-06
23060,4.4007e-08
23061,1.373018e-06
23062,2.12399e-06
23063,1.8268274e-08
23064,0.9998954
23065,0.99997574
23066,0.88626
23067,8.1139315e-06
23068,2.7226868e-05
23069,1.7329198e-07
23070,0.99996716
23071,4.6979648e-07
23072,0.99972445
23073,0.9991954
23074,6.029626e-07
23075,1.8344076e-08
23076,2.436959e-07
23077,3.438328e-07
23078,6.8851094e-08
23079,1.8164239e-09
23080,2.6124606e-08
23081,0.9999754
23082,9.241618e-07
23083,7.005562e-07
23084,3.25571e-07
23085,3.813671e-08
23086,0.9999514
23087,4.1003155e-08
23088,9.1248603e-07
23089,0.99999857
23090,1.683995e-07
23091,0.99999243
23092,2.83857e-08
23093,1.5359042e-07
23094,1.4029411e-09
23095,0.00035855765
23096,0.9999931
23097,6.22546e-08
23098,0.99998903
23099,8.203372e-08
23100,7.953389e-09
23101,0.99977326
23102,0.0003857673
23103,8.49068e-08
23104,6.600718e-06
23105,1.11350595e-07
23106,3.524417e-07
23107,0.9999882
23108,0.9999977
23109,0.9999454
23110,1.2108895e-06
23111,9.5294816e-08
23112,4.2328222e-07
23113,0.9999776
23114,0.9999802
23115,0.99962026
23116,2.9397665e-07
23117,2.2343455e-07
23118,0.999994
23119,0.997526
23120,2.7869274e-09
23121,0.99997693
23122,0.9978268
23123,0.99991924
23124,1.8821686e-09
23125,2.4168271e-08
23126,5.6107393e-07
23127,2.0560447e-05
23128,0.9999663
23129,0.99997145
23130,0.99992156
23131,0.99982953
23132,1.4151615e-06
23133,6.0343484e-07
23134,0.9998632
23135,0.99964964
23136,6.7437405e-08
23137,0.99998665
23138,0.99997056
23139,3.6610966e-06
23140,0.9998469
23141,4.8522823e-05
23142,0.013300156
23143,0.99998164
23144,1.6176915e-07
23145,1.8157192e-05
23146,3.892102e-06
23147,1.768855e-06
23148,0.99445224
23149,1.8435133e-08
23150,0.9999345
23151,0.9999907
23152,0.99992496
23153,0.9999822
23154,0.9992478
23155,1.1389061e-05
23156,0.99991655
23157,0.9999538
23158,9.616822e-07
23159,0.0011080734
23160,7.5718006e-08
23161,0.0002116481
23162,1.1067282e-07
23163,0.9999917
23164,0.0036776997
23165,0.9999992
23166,0.0029279348
23167,0.99996984
23168,0.9998683
23169,7.404474e-08
23170,0.99774
23171,8.3089145e-07
23172,9.5911695e-08
23173,1.6536244e-08
23174,0.9999878
23175,2.7290587e-06
23176,0.9999959
23177,0.9999944
23178,6.4937744e-06
23179,0.99998677
23180,1.1543184e-09
23181,1.9627018e-06
23182,2.5705418e-07
23183,0.99980855
23184,2.8486184e-07
23185,6.320431e-09
23186,0.9999971
23187,0.9999819
23188,0.9999907
23189,0.99999714
23190,0.9987786
23191,1.0676927e-08
23192,4.177606e-09
23193,1.3789532e-06
23194,0.9999603
23195,2.0850439e-07
23196,1.3009486e-08
23197,1.0165014e-08
23198,3.7121637e-07
23199,0.9999398
23200,1.3377603e-07
23201,0.35637587
23202,2.613279e-07
23203,0.9999766
23204,0.99998873
23205,7.637312e-06
23206,0.99998677
23207,1.4069971e-06
23208,4.7673393e-06
23209,0.9999452
23210,0.0018906858
23211,2.1623454e-07
23212,8.547772e-06
23213,0.9999494
23214,4.1246e-08
23215,5.62067e-06
23216,0.9999976
23217,0.9999561
23218,1.6640838e-07
23219,1.553252e-06
23220,1.6185403e-07
23221,0.9999807
23222,3.8226888e-05
23223,0.9978893
23224,1.2224522e-08
23225,0.9999319
23226,1.1938329e-07
23227,8.990892e-07
23228,0.01419136
23229,0.9999167
23230,0.9999674
23231,6.715464e-08
23232,0.9999446
23233,0.004347213
23234,7.616906e-05
23235,0.99964994
23236,9.6389216e-05
23237,2.8669414e-05
23238,0.9999885
23239,3.231933e-07
23240,0.9997559
23241,0.99998784
23242,0.09400334
23243,0.9999098
23244,6.245059e-08
23245,0.99992317
23246,0.9999575
23247,0.99969596
23248,0.9999927
23249,0.9999663
23250,3.238911e-06
23251,1.2640571e-05
23252,1.6529235e-07
23253,3.1709753e-08
23254,0.99998903
23255,0.99988955
23256,4.586614e-05
23257,7.356394e-10
23258,4.6046642e-07
23259,9.107117e-09
23260,9.957542e-05
23261,6.0955995e-06
23262,0.99999136
23263,5.782233e-07
23264,0.9999393
23265,0.99999124
23266,4.6961372e-07
23267,0.99995744
23268,0.9999776
23269,0.99988514
23270,0.00023347909
23271,2.2526753e-07
23272,0.00014913213
23273,0.9999442
23274,0.99996316
23275,1.5790728e-07
23276,1.4970392e-09
23277,0.99952924
23278,0.99988854
23279,2.6105414e-07
23280,0.9999469
23281,1.052235e-08
23282,2.6827909e-09
23283,0.9995787
23284,0.0014187505
23285,1.3073164e-08
23286,0.9999286
23287,5.2130282e-08
23288,2.6791216e-07
23289,0.9999731
23290,0.99999535
23291,1.2328226e-06
23292,1.524491e-07
23293,0.9998171
23294,1.7724923e-06
23295,0.9912124
23296,4.691666e-06
23297,2.505139e-08
23298,1.5659091e-06
23299,0.9999802
23300,2.3740725e-07
23301,0.99997526
23302,0.9997612
23303,4.747691e-09
23304,0.99994063
23305,0.99996686
23306,0.99999905
23307,0.99414176
23308,1.01996225e-08
23309,3.0191362e-08
23310,9.236677e-05
23311,3.8977632e-08
23312,0.99997646
23313,0.9999616
23314,1.3069932e-06
23315,7.603973e-05
23316,0.99999696
23317,3.0112399e-06
23318,0.99967366
23319,7.618426e-06
23320,0.99998206
23321,2.746008e-09
23322,1.2929525e-05
23323,0.91294384
23324,0.9999886
23325,0.99999243
23326,0.9884735
23327,0.9994654
23328,0.9999949
23329,0.99979305
23330,5.602046e-10
23331,0.9999918
23332,0.99999774
23333,1.9418794e-05
23334,0.00018067424
23335,0.9268928
23336,3.3668593e-10
23337,5.104663e-07
23338,0.99998075
23339,4.4182778e-07
23340,6.8251866e-06
23341,6.6372515e-08
23342,2.3715675e-07
23343,0.9998668
23344,0.99999106
23345,0.99999636
23346,9.196497e-06
23347,0.9999919
23348,5.7178504e-08
23349,9.40489e-05
23350,4.290679e-09
23351,0.9999831
23352,0.00029844264
23353,0.99999154
23354,0.99995613
23355,1.0573082e-09
23356,0.99989754
23357,0.999916
23358,2.5304422e-08
23359,0.99199945
23360,3.523933e-07
23361,0.9999965
23362,0.9972497
23363,1.6892525e-08
23364,4.615419e-06
23365,8.514022e-07
23366,0.9993467
23367,0.9999566
23368,0.9999241
23369,0.9995913
23370,3.768515e-05
23371,1.8125852e-06
23372,0.99999595
23373,0.9999867
23374,0.99999243
23375,0.99992436
23376,0.99994284
23377,6.540922e-08
23378,6.5665785e-07
23379,0.9999241
23380,0.99997514
23381,0.9815569
23382,4.5853144e-06
23383,0.9999715
23384,3.13126e-08
23385,0.9996351
23386,0.99993646
23387,1.0844965e-07
23388,0.9981766
23389,1.5337979e-05
23390,0.9902077
23391,0.9998182
23392,9.8666234e-05
23393,0.9999725
23394,0.9997174
23395,9.219681e-06
23396,2.1908802e-08
23397,0.9999041
23398,0.99998325
23399,0.9999915
23400,0.99991333
23401,9.595891e-08
23402,0.9996459
23403,0.99997044
23404,0.00045882477
23405,0.0005404423
23406,7.1126135e-07
23407,0.9999959
23408,0.9999967
23409,0.9998938
23410,0.9998909
23411,0.9999657
23412,2.584462e-06
23413,2.3303573e-05
23414,1.8077465e-06
23415,0.9999952
23416,4.4042645e-07
23417,1.7757863e-08
23418,0.9999905
23419,8.822968e-08
23420,1.2678343e-08
23421,4.9831378e-08
23422,0.9999821
23423,0.99996066
23424,0.36662838
23425,0.9997976
23426,0.9926116
23427,2.4252442e-09
23428,0.99998784
23429,0.99991006
23430,7.080683e-07
23431,0.99999905
23432,0.9999977
23433,0.99999857
23434,0.998656
23435,3.43899e-08
23436,0.9999992
23437,0.999996
23438,5.2982707e-09
23439,9.887738e-07
23440,0.99998575
23441,8.2995695e-07
23442,0.9999795
23443,0.9999693
23444,3.953631e-06
23445,0.9999817
23446,0.9996743
23447,0.9939739
23448,3.859156e-05
23449,1.753833e-06
23450,0.99999523
23451,7.591425e-06
23452,0.99999696
23453,0.9996674
23454,0.999995
23455,6.038836e-09
23456,0.9999843
23457,0.9999957
23458,3.4142633e-09
23459,0.9999374
23460,0.99999934
23461,1.391355e-08
23462,7.331558e-07
23463,0.9999873
23464,2.0563641e-08
23465,0.999982
23466,7.2767307e-07
23467,0.99994755
23468,0.99998987
23469,1.7467923e-06
23470,0.010579969
23471,0.9998841
23472,0.99999774
23473,0.9999951
23474,7.227247e-07
23475,3.973192e-08
23476,0.9999907
23477,0.9934519
23478,0.30676416
23479,2.9734892e-07
23480,0.9999961
23481,0.99998194
23482,0.9976672
23483,4.449108e-06
23484,5.5806337e-09
23485,0.9999395
23486,4.098314e-08
23487,0.9999471
23488,0.6399784
23489,0.99992263
23490,2.8150303e-05
23491,0.00011919623
23492,1.3537301e-08
23493,2.9587703e-08
23494,0.9999949
23495,0.9999963
23496,0.99948764
23497,5.322365e-07
23498,2.942984e-07
23499,9.1618965e-08
23500,0.99951
23501,1.776911e-05
23502,7.127689e-08
23503,0.002348975
23504,0.9999346
23505,0.99989545
23506,0.9999341
23507,0.9999459
23508,1.1071385e-06
23509,0.99998987
23510,1.6139602e-08
23511,0.99937963
23512,3.1028804e-07
23513,0.9999599
23514,1.304433e-06
23515,5.0128497e-09
23516,9.559136e-08
23517,0.9999796
23518,1.7695415e-08
23519,2.2224336e-08
23520,0.9999892
23521,0.9999991
23522,0.9999906
23523,0.9998997
23524,0.99997455
23525,1.5988068e-06
23526,1.0581726e-07
23527,2.5924328e-06
23528,0.99990666
23529,0.99997574
23530,8.847197e-09
23531,0.06736131
23532,1.940639e-05
23533,1.8188343e-08
23534,0.999961
23535,3.402239e-08
23536,0.9999555
23537,0.9998328
23538,7.353592e-09
23539,5.257892e-09
23540,7.020685e-05
23541,3.0324758e-05
23542,0.00019019267
23543,1.801956e-08
23544,1.2259657e-07
23545,0.9999879
23546,1.7514461e-08
23547,3.410807e-09
23548,0.9998532
23549,0.99998945
23550,0.87074405
23551,0.99951154
23552,0.9999967
23553,0.9999241
23554,0.00046867042
23555,0.9998929
23556,8.5698176e-08
23557,0.9999808
23558,0.99998057
23559,0.9998981
23560,2.0161164e-09
23561,6.6474945e-07
23562,1.3543551e-08
23563,0.0002593748
23564,2.4129845e-09
23565,0.9990961
23566,0.12595372
23567,0.0004241851
23568,0.9997697
23569,0.9999711
23570,2.1158414e-07
23571,2.7041565e-06
23572,0.99996537
23573,2.8182353e-07
23574,0.99997085
23575,0.011538826
23576,0.99996203
23577,5.2157038e-08
23578,4.6351797e-05
23579,0.9998939
23580,4.2487e-08
23581,1.1133445e-07
23582,0.0030380115
23583,9.191614e-09
23584,0.9999492
23585,0.001931232
23586,0.99999285
23587,5.46978e-07
23588,0.99995816
23589,0.99997604
23590,2.8263128e-07
23591,7.780572e-06
23592,1.7416327e-05
23593,0.99993783
23594,0.99987435
23595,0.999693
23596,0.9998542
23597,6.2519774e-07
23598,2.7021406e-06
23599,0.9999914
23600,1.5543974e-05
23601,0.999997
23602,0.0035487267
23603,1.9001874e-07
23604,0.9999898
23605,1.4373207e-07
23606,1.2923439e-09
23607,7.7408416e-08
23608,1.5782463e-07
23609,0.004811328
23610,0.3794008
23611,1.7612772e-09
23612,5.5394683e-08
23613,4.4469957e-09
23614,0.99995595
23615,0.99998814
23616,7.4977015e-07
23617,0.9990526
23618,3.6905652e-09
23619,0.9999649
23620,0.99996674
23621,0.9998967
23622,0.99203485
23623,0.00019428614
23624,7.506201e-07
23625,1.3796291e-07
23626,3.0861187e-09
23627,0.99999386
23628,1.932973e-08
23629,1.8200436e-10
23630,4.9711644e-09
23631,0.99920654
23632,3.2091066e-08
23633,1.0355101e-09
23634,1.587695e-06
23635,0.98040247
23636,7.6057853e-07
23637,9.579937e-10
23638,0.012135121
23639,6.970009e-07
23640,0.9999436
23641,1.37841205e-08
23642,1.2686125e-07
23643,3.6362067e-08
23644,4.257922e-09
23645,0.999752
23646,0.9999382
23647,3.327748e-05
23648,0.99991053
23649,0.9999842
23650,1.1039991e-09
23651,6.43247e-05
23652,1.2337564e-06
23653,0.9997436
23654,0.9998857
23655,4.3389566e-08
23656,5.0176155e-08
23657,0.99998444
23658,1.4842481e-06
23659,1.26075665e-08
23660,0.9999664
23661,0.9999241
23662,0.99999344
23663,1.6103032e-09
23664,5.493113e-06
23665,1.8241906e-09
23666,0.00010604442
23667,0.99987465
23668,0.00089783757
23669,2.2307058e-06
23670,0.9667069
23671,0.9998914
23672,1.2134092e-07
23673,4.915189e-09
23674,7.788037e-07
23675,0.9999949
23676,0.9999241
23677,0.99997324
23678,0.99200654
23679,0.99998116
23680,0.9999397
23681,0.00048174156
23682,5.1243478e-05
23683,6.535242e-07
23684,0.99853826
23685,4.8959915e-08
23686,0.9999241
23687,2.1695172e-07
23688,0.9999916
23689,0.9999838
23690,6.9166986e-06
23691,4.619615e-07
23692,0.99999756
23693,1.385523e-07
23694,6.0826625e-07
23695,1.3763189e-07
23696,2.0557547e-07
23697,6.255047e-06
23698,2.4935753e-06
23699,4.3803837e-08
23700,0.99998415
23701,2.4408433e-07
23702,0.9999894
23703,3.7182468e-07
23704,0.99986356
23705,0.99991345
23706,0.9999106
23707,1.2500436e-06
23708,5.014994e-08
23709,0.99995744
23710,0.9998446
23711,0.9998584
23712,3.809186e-07
23713,0.95569384
23714,0.9999925
23715,5.3467764e-05
23716,0.9999639
23717,1.8776359e-07
23718,0.99998105
23719,0.99994427
23720,3.7029636e-06
23721,0.999942
23722,0.999956
23723,3.7579848e-06
23724,0.999173
23725,7.709339e-08
23726,3.4381313e-07
23727,0.9999079
23728,0.9999571
23729,0.999998
23730,2.1362527e-07
23731,2.385732e-07
23732,5.4154523e-08
23733,0.99996763
23734,5.3358753e-09
23735,0.9999521
23736,0.9578698
23737,0.99912435
23738,3.2755164e-08
23739,8.681825e-08
23740,2.5936437e-08
23741,0.99999905
23742,0.9999785
23743,0.9998203
23744,1.6051806e-07
23745,0.9998332
23746,6.771837e-09
23747,0.9999905
23748,0.99998915
23749,2.1796116e-06
23750,0.9999973
23751,0.9998892
23752,2.2172562e-05
23753,0.008098723
23754,0.9999722
23755,5.5005205e-09
23756,1.5591684e-08
23757,0.9999961
23758,0.99996674
23759,1.5529557e-09
23760,3.2485016e-08
23761,0.99999225
23762,8.6390835e-05
23763,4.2965897e-07
23764,0.99166566
23765,0.99983793
23766,0.9997607
23767,5.1774446e-08
23768,3.726543e-08
23769,0.9999407
23770,1.7639057e-06
23771,1.8634553e-08
23772,0.00016788869
23773,1.9130642e-08
23774,0.999934
23775,1.8786435e-05
23776,1.3916754e-09
23777,1.0198109e-07
23778,0.999993
23779,0.9414442
23780,3.4589564e-06
23781,1.6536266e-06
23782,0.9999938
23783,0.99956954
23784,0.99999714
23785,2.8137416e-08
23786,1.6300417e-06
23787,0.9999838
23788,2.9023285e-08
23789,0.999969
23790,8.0231416e-07
23791,0.9999937
23792,2.9837857e-08
23793,3.503999e-05
23794,0.003963456
23795,0.99995214
23796,6.447515e-08
23797,9.313905e-07
23798,0.99998766
23799,9.110887e-06
23800,3.332936e-07
23801,1.3392132e-06
23802,0.99958825
23803,6.7315966e-08
23804,1.7804096e-07
23805,2.046785e-08
23806,0.99999565
23807,8.033661e-09
23808,1.377673e-06
23809,7.087763e-07
23810,1.0837376e-07
23811,5.5937125e-08
23812,5.219535e-08
23813,0.99992996
23814,2.8548354e-07
23815,0.9999442
23816,0.99994946
23817,0.9999644
23818,0.99975294
23819,0.9999834
23820,0.9991275
23821,0.99998486
23822,0.99999654
23823,0.99998856
23824,1.7544107e-07
23825,0.99998564
23826,0.9999698
23827,0.99965584
23828,0.9999061
23829,0.9999721
23830,0.99998176
23831,0.99981785
23832,3.9618936e-08
23833,1.0106325e-07
23834,0.9999751
23835,0.9999601
23836,0.9999791
23837,0.99997
23838,5.0061306e-07
23839,1.9044176e-08
23840,0.9999954
23841,0.98144424
23842,0.9999973
23843,0.9999795
23844,0.99992204
23845,0.23385409
23846,4.441069e-07
23847,0.9999364
23848,1.3796515e-07
23849,0.99997205
23850,1.8743131e-08
23851,0.99920905
23852,8.5351126e-10
23853,4.6231317e-08
23854,8.291771e-10
23855,0.99999017
23856,1.4055759e-05
23857,2.0819057e-06
23858,0.00040274506
23859,0.99999213
23860,1.0688949e-06
23861,1.9280283e-06
23862,0.9999961
23863,0.9999877
23864,1.3286307e-08
23865,0.00029493068
23866,0.99990034
23867,2.4794126e-08
23868,0.9687591
23869,2.9987966e-08
23870,0.9999864
23871,4.2119314e-08
23872,0.99997884
23873,0.9998891
23874,2.4821086e-06
23875,3.535921e-06
23876,8.3912863e-07
23877,0.9999419
23878,0.9993286
23879,1.7682798e-06
23880,7.4102635e-09
23881,0.99992305
23882,0.9998566
23883,3.503542e-08
23884,7.697908e-08
23885,0.9999699
23886,4.2859315e-06
23887,7.677183e-05
23888,1.1904433e-05
23889,0.9980074
23890,0.9999843
23891,3.352803e-08
23892,0.99999344
23893,0.99998194
23894,0.99997795
23895,1.6643821e-09
23896,0.99999374
23897,0.99996084
23898,0.9995397
23899,3.5106773e-09
23900,0.0071702357
23901,0.0022459293
23902,0.4526085
23903,0.9994296
23904,4.5214856e-06
23905,0.0008911399
23906,0.99963045
23907,0.999985
23908,0.99996054
23909,0.99985504
23910,9.412946e-08
23911,1.8504521e-07
23912,0.9999888
23913,0.99993634
23914,0.999702
23915,0.99995524
23916,6.541484e-05
23917,2.1287335e-08
23918,3.798256e-06
23919,0.9998986
23920,1.3856499e-07
23921,0.99987465
23922,7.670939e-08
23923,0.9999969
23924,7.345856e-07
23925,0.99991596
23926,0.99993974
23927,0.99999774
23928,0.9998936
23929,0.999934
23930,0.99992365
23931,2.7350014e-05
23932,4.8442242e-08
23933,0.9999901
23934,9.6463005e-08
23935,6.527493e-07
23936,0.9996577
23937,0.99999404
23938,0.00014837937
23939,0.9999984
23940,2.2811594e-08
23941,2.6898585e-06
23942,8.3852865e-07
23943,2.6709774e-08
23944,6.2486545e-09
23945,0.999987
23946,0.9999899
23947,0.9997383
23948,0.99999183
23949,3.4014704e-07
23950,4.532251e-07
23951,3.4699045e-08
23952,0.9999924
23953,0.98386776
23954,0.99999243
23955,3.4610352e-06
23956,5.0631364e-08
23957,4.922913e-08
23958,0.99991906
23959,0.9999512
23960,0.024335142
23961,0.9999945
23962,0.9999939
23963,0.9999326
23964,1.2040807e-08
23965,3.4530567e-06
23966,2.7061512e-07
23967,0.99996644
23968,0.6864997
23969,1.936597e-08
23970,0.9999895
23971,0.9999118
23972,0.99998707
23973,7.2915135e-08
23974,0.9996149
23975,2.5350616e-06
23976,2.9809612e-06
23977,0.9997084
23978,0.9999745
23979,2.5601812e-06
23980,0.0004169776
23981,1.039153e-05
23982,0.9971031
23983,3.0981223e-08
23984,0.06508694
23985,0.99999815
23986,0.99996775
23987,0.99999285
23988,0.9999954
23989,4.2061615e-06
23990,3.9272248e-08
23991,3.0657753e-05
23992,7.5924e-07
23993,0.99987656
23994,8.403996e-07
23995,0.9618272
23996,0.9999391
23997,1.6307864e-06
23998,1.9728457e-09
23999,3.530836e-07
24000,0.8838354
24001,6.69153e-06
24002,6.7357894e-07
24003,4.419584e-08
24004,0.9994349
24005,2.4769452e-08
24006,3.1954514e-06
24007,0.99998134
24008,0.99997675
24009,0.99995315
24010,0.99998075
24011,0.99999475
24012,8.074409e-07
24013,0.99999356
24014,5.3651572e-08
24015,0.99896616
24016,4.8596286e-07
24017,0.9999948
24018,6.2282034e-08
24019,0.000561707
24020,2.4976379e-09
24021,0.9999926
24022,0.9999615
24023,0.9999793
24024,2.0367802e-08
24025,0.99989957
24026,1.0469519e-08
24027,0.9991451
24028,0.9999595
24029,3.0219358e-06
24030,0.00014963039
24031,0.9999844
24032,0.83741486
24033,0.99983585
24034,8.9920496e-07
24035,4.3943754e-08
24036,0.92194986
24037,7.0222046e-07
24038,1.7613144e-07
24039,1.0270808e-05
24040,1.3159793e-07
24041,0.9999477
24042,0.9999726
24043,0.9999622
24044,0.0012301762
24045,2.5565068e-09
24046,7.9710674e-07
24047,1.5858316e-08
24048,0.99985266
24049,0.99997926
24050,0.99996305
24051,0.99999714
24052,0.99997437
24053,0.0023791736
24054,2.2203442e-06
24055,0.99999344
24056,2.1968046e-05
24057,1.5022881e-06
24058,1.0595641e-07
24059,4.280455e-08
24060,0.99993336
24061,0.9998832
24062,0.9999995
24063,0.0020813637
24064,0.99999
24065,1.2220978e-08
24066,1.6256138e-08
24067,1.8616032e-07
24068,1.373742e-09
24069,0.9999596
24070,0.9999526
24071,6.412014e-06
24072,1.2086608e-05
24073,0.99995375
24074,9.9107375e-08
24075,2.8277176e-09
24076,2.0490427e-06
24077,0.9998353
24078,1.3348762e-07
24079,0.9997054
24080,0.99998397
24081,8.122981e-09
24082,0.99996126
24083,0.9999828
24084,0.128791
24085,0.99890995
24086,1.5451939e-06
24087,0.014559814
24088,1.3023171e-07
24089,4.2302676e-07
24090,0.99980545
24091,0.99929553
24092,0.014460508
24093,2.8281129e-05
24094,0.9999961
24095,1.1608388e-06
24096,0.99999285
24097,7.163806e-07
24098,0.99991006
24099,5.0362356e-08
24100,4.132569e-08
24101,0.9999893
24102,0.9999588
24103,7.776387e-08
24104,6.0129413e-09
24105,1.7042595e-06
24106,0.9999241
24107,7.261251e-07
24108,8.7287697e-07
24109,0.9999647
24110,0.013000908
24111,0.9995539
24112,0.9972193
24113,3.7713625e-07
24114,0.99975413
24115,0.99991727
24116,7.7259347e-07
24117,1.9232534e-08
24118,1.7973013e-08
24119,0.99987096
24120,1.0391054e-05
24121,2.7969998e-07
24122,0.99979913
24123,0.9999639
24124,0.9999974
24125,0.0010871777
24126,0.9999626
24127,0.00018645427
24128,0.99997824
24129,0.99996746
24130,0.9999642
24131,0.009567773
24132,0.001015344
24133,2.8791476e-07
24134,2.310361e-06
24135,0.99999386
24136,5.195875e-08
24137,0.9998732
24138,0.99998784
24139,7.4645556e-08
24140,0.9903626
24141,5.032318e-08
24142,2.1247851e-07
24143,0.99997556
24144,0.004107366
24145,2.8170774e-07
24146,0.99983585
24147,1.3089043e-05
24148,1.7414153e-07
24149,0.9999919
24150,0.9999716
24151,0.99975336
24152,1.1718883e-09
24153,4.755338e-06
24154,0.9999837
24155,5.266054e-08
24156,3.4020506e-08
24157,0.9999241
24158,0.99998826
24159,0.99995106
24160,0.99999
24161,0.9999946
24162,2.4274656e-09
24163,9.201168e-10
24164,0.99997383
24165,2.1192716e-06
24166,3.6983332e-07
24167,0.9999494
24168,0.99926776
24169,0.0005037861
24170,0.9999241
24171,0.99997634
24172,1.6076042e-06
24173,0.9999942
24174,4.3234403e-09
24175,0.99995965
24176,0.9999847
24177,0.99999726
24178,6.98646e-06
24179,9.289103e-07
24180,0.0016279203
24181,0.013065348
24182,0.99999267
24183,0.16728154
24184,1.2961186e-06
24185,0.99996066
24186,0.99998605
24187,0.9998827
24188,1.1417562e-09
24189,0.9986955
24190,0.9999925
24191,0.99975216
24192,2.7815264e-07
24193,0.0002940407
24194,2.1044887e-06
24195,1.0611893e-05
24196,0.99996877
24197,1.2225064e-07
24198,2.6387774e-05
24199,4.4569028e-05
24200,0.9998901
24201,0.9134857
24202,3.896444e-07
24203,4.6109438e-08
24204,3.225244e-05
24205,1.1336686e-09
24206,6.1205525e-09
24207,2.1767521e-07
24208,3.1959635e-06
24209,0.9999744
24210,3.0615854e-05
24211,0.9999975
24212,0.9999957
24213,1.8535855e-09
24214,0.9847164
24215,2.6163102e-08
24216,0.9999901
24217,1.0192041e-07
24218,0.83572006
24219,1.8973187e-08
24220,0.99948835
24221,0.9956703
24222,1.7327111e-06
24223,2.438956e-07
24224,3.3687135e-07
24225,1.8160015e-05
24226,5.7709565e-07
24227,1.6681222e-05
24228,9.586597e-08
24229,0.99992776
24230,0.99967957
24231,0.999989
24232,0.99986553
24233,5.1900565e-07
24234,0.004237853
24235,1.17651355e-08
24236,0.99999946
24237,1.5616737e-06
24238,1.8623952e-07
24239,4.3489823e-07
24240,0.9999951
24241,4.2889363e-09
24242,0.9999814
24243,0.99999815
24244,0.9999234
24245,9.286192e-08
24246,6.076494e-07
24247,6.044474e-07
24248,0.9999903
24249,0.9999968
24250,8.108925e-09
24251,0.9999644
24252,1.46632155e-08
24253,0.99997455
24254,1.0855205e-08
24255,2.335863e-06
24256,3.8387378e-09
24257,0.9976402
24258,3.567482e-05
24259,0.99321645
24260,0.99994874
24261,0.9999938
24262,0.9999824
24263,0.9999809
24264,0.99998957
24265,1.8219698e-06
24266,5.5552334e-07
24267,0.9990706
24268,5.119067e-06
24269,2.852056e-08
24270,0.9992776
24271,0.99999714
24272,0.999985
24273,0.9999382
24274,5.464379e-07
24275,0.9999847
24276,1.5330214e-07
24277,0.99993986
24278,0.94087064
24279,0.0014912892
24280,1.5355493e-08
24281,0.9999728
24282,1.3795548e-10
24283,0.99949324
24284,0.051468063
24285,9.318939e-10
24286,0.9999936
24287,7.178017e-07
24288,8.939423e-07
24289,0.99998575
24290,0.9996876
24291,2.8160184e-06
24292,9.9800716e-05
24293,0.9999955
24294,2.4532177e-05
24295,0.99995565
24296,0.9999896
24297,1.6923669e-07
24298,3.2398254e-06
24299,4.279197e-05
24300,5.2403337e-08
24301,0.983983
24302,9.307326e-09
24303,4.0257826e-05
24304,5.4695897e-06
24305,8.717079e-05
24306,5.5298408e-08
24307,0.99997807
24308,0.9999445
24309,3.5076475e-08
24310,1.3323748e-06
24311,5.2952233e-05
24312,0.99949306
24313,0.99999225
24314,0.9788603
24315,0.99998564
24316,8.977038e-07
24317,2.0656335e-08
24318,0.9999952
24319,0.99997073
24320,0.9999958
24321,0.9994939
24322,0.99999243
24323,3.9417806e-05
24324,8.455689e-07
24325,0.9992601
24326,0.9998198
24327,5.671963e-07
24328,1.6119719e-09
24329,0.99998444
24330,0.999928
24331,0.9998355
24332,0.99994636
24333,0.9999724
24334,1.8800056e-05
24335,1.5123043e-06
24336,3.414656e-08
24337,2.2321296e-06
24338,0.9999612
24339,0.99998623
24340,3.626835e-08
24341,0.99994415
24342,9.0534877e-07
24343,1.79376e-05
24344,0.99999267
24345,0.9999671
24346,0.21476416
24347,4.7257753e-08
24348,6.895699e-09
24349,1.1482036e-08
24350,0.9999856
24351,6.526292e-08
24352,0.9999639
24353,1.0305218e-08
24354,1.0317035e-05
24355,0.9999821
24356,0.9999224
24357,1.9580057e-05
24358,8.0905265e-06
24359,0.99994797
24360,2.989696e-06
24361,0.9998384
24362,0.026065486
24363,0.99968153
24364,0.99998945
24365,0.99999696
24366,0.99997574
24367,3.8094062e-05
24368,0.99998313
24369,0.9999398
24370,0.9999524
24371,5.840815e-06
24372,0.99998134
24373,0.9998827
24374,5.48131e-07
24375,3.192848e-08
24376,0.99999815
24377,2.2856367e-08
24378,0.9999743
24379,1.9140467e-05
24380,0.00019822069
24381,0.9999994
24382,4.9599247e-08
24383,2.5975185e-05
24384,0.9976879
24385,1.552732e-05
24386,4.0676134e-09
24387,4.2044668e-08
24388,1.6341804e-06
24389,3.2537405e-06
24390,3.329331e-09
24391,0.9999842
24392,5.7479106e-06
24393,2.3549408e-08
24394,3.564791e-10
24395,0.0030229937
24396,0.99999636
24397,0.9995308
24398,1.4202275e-06
24399,2.8233654e-07
24400,0.020569257
24401,3.185421e-07
24402,1.2973021e-06
24403,5.379256e-07
24404,0.9998925
24405,6.8317695e-07
24406,1.233656e-07
24407,0.9999839
24408,0.9999919
24409,0.99997705
24410,2.715545e-08
24411,8.195471e-09
24412,1.038023e-06
24413,0.99981683
24414,0.9999452
24415,0.99998313
24416,4.8844954e-06
24417,0.99999166
24418,0.9999241
24419,0.99957836
24420,0.999951
24421,8.924822e-09
24422,9.814218e-08
24423,0.99987084
24424,2.7842968e-06
24425,0.99999124
24426,0.99981743
24427,0.99986905
24428,0.9999962
24429,0.99999803
24430,5.7964836e-08
24431,0.99998724
24432,1.25632065e-08
24433,1.2761093e-06
24434,0.9999922
24435,0.9999909
24436,0.99997747
24437,7.481817e-08
24438,0.9987105
24439,2.2919055e-08
24440,4.4326608e-08
24441,2.2395466e-07
24442,1.2350309e-07
24443,0.9999908
24444,0.99998575
24445,0.9999812
24446,8.319482e-05
24447,2.3861885e-08
24448,0.999971
24449,0.9999946
24450,1.5197683e-08
24451,0.9999956
24452,0.00041614528
24453,0.99998844
24454,0.9996927
24455,3.4062385e-08
24456,1.4970079e-09
24457,0.99999356
24458,5.9143105e-07
24459,0.00016476732
24460,0.9999652
24461,0.9999919
24462,0.9999241
24463,0.99998325
24464,1.0571746e-06
24465,0.9999625
24466,0.9999709
24467,2.2756117e-06
24468,4.8615984e-06
24469,4.9693845e-08
24470,2.1710095e-07
24471,1.3887833e-05
24472,2.6252367e-09
24473,4.611663e-09
24474,0.9851877
24475,5.1660174e-07
24476,7.574692e-05
24477,0.9998713
24478,0.9999447
24479,0.00063074613
24480,5.3336555e-07
24481,4.217174e-05
24482,1.01848e-05
24483,0.9999975
24484,0.9971871
24485,0.9999925
24486,0.9988536
24487,0.99991363
24488,1.4816374e-06
24489,4.0178016e-09
24490,0.9999241
24491,0.9999799
24492,2.0852596e-05
24493,3.2081814e-06
24494,3.0214546e-06
24495,0.9999924
24496,0.9999964
24497,2.7089115e-09
24498,7.40141e-08
24499,1.1855554e-06
24500,0.9999918
24501,0.9999241
24502,2.2521458e-06
24503,0.99933136
24504,0.9999135
24505,0.99998176
24506,0.99999464
24507,4.2085986e-07
24508,3.104097e-07
24509,1.149323e-06
24510,0.9999632
24511,0.002480478
24512,0.9998892
24513,3.623914e-07
24514,0.9999801
24515,1.6084789e-05
24516,0.9999952
24517,3.1422317e-06
24518,0.99998266
24519,0.99999756
24520,0.9999945
24521,0.9999644
24522,2.3093135e-07
24523,0.99999404
24524,0.99994844
24525,3.6786591e-06
24526,4.0990173e-08
24527,0.9999503
24528,0.00031998637
24529,4.387006e-08
24530,1.9690026e-06
24531,0.99988693
24532,0.9999758
24533,9.135216e-08
24534,0.99996275
24535,0.9999255
24536,0.99987954
24537,2.4391096e-07
24538,0.99996865
24539,8.093791e-07
24540,5.8650986e-09
24541,2.7909131e-08
24542,0.99995327
24543,2.0032418e-08
24544,2.6416525e-05
24545,9.1922e-06
24546,0.9999545
24547,2.7260224e-08
24548,2.1186597e-08
24549,0.9999838
24550,9.105658e-09
24551,0.9999483
24552,0.9999941
24553,2.5064517e-07
24554,1.57311e-07
24555,2.784713e-08
24556,0.99384123
24557,0.9999876
24558,9.0631055e-08
24559,0.99973154
24560,0.99865544
24561,0.09257646
24562,0.9999839
24563,0.46660727
24564,0.99999344
24565,2.3685794e-07
24566,0.99998903
24567,0.9999049
24568,0.00010547321
24569,1.6582705e-08
24570,1.8354932e-07
24571,0.9998599
24572,5.3578454e-08
24573,0.9999923
24574,1.0594419e-05
24575,0.99999756
24576,0.0014728934
24577,2.2986815e-09
24578,0.9997386
24579,0.99999356
24580,1.2382836e-07
24581,0.9999833
24582,0.99999386
24583,0.9996933
24584,0.99995494
24585,0.99978745
24586,0.9999476
24587,4.2485217e-07
24588,0.010092178
24589,0.9999527
24590,9.991593e-08
24591,0.99999577
24592,7.4554407e-07
24593,9.33581e-05
24594,8.4404476e-08
24595,0.99989694
24596,0.9999402
24597,2.5513687e-08
24598,0.99997574
24599,2.0808444e-07
24600,3.0559193e-08
24601,1.8221435e-08
24602,0.9992804
24603,5.642107e-07
24604,6.043308e-06
24605,4.5187082e-07
24606,0.9999869
24607,0.9999871
24608,4.0204867e-08
24609,0.99996525
24610,0.9989137
24611,0.9999871
24612,0.99996966
24613,0.9995347
24614,0.9999758
24615,0.9017331
24616,1.8920822e-08
24617,1.6598578e-05
24618,0.0030440355
24619,0.99980694
24620,3.9626423e-07
24621,1.5095525e-05
24622,7.082963e-09
24623,0.9999154
24624,2.4089334e-06
24625,0.0034846608
24626,0.9999682
24627,1.798265e-08
24628,1.461181e-07
24629,0.99938655
24630,0.9999862
24631,2.4564041e-08
24632,0.99987483
24633,0.99989593
24634,7.630386e-08
24635,0.9999166
24636,0.99998504
24637,0.9999935
24638,2.5277922e-07
24639,0.99988604
24640,0.9999552
24641,0.99996006
24642,0.999846
24643,0.9999878
24644,0.99996436
24645,0.99984574
24646,0.99897546
24647,0.999976
24648,0.9999652
24649,9.083204e-06
24650,0.00023015909
24651,8.975987e-06
24652,0.9996472
24653,0.9998711
24654,0.998653
24655,0.9994419
24656,0.99999297
24657,0.99622214
24658,0.99998766
24659,4.493575e-05
24660,2.6086914e-08
24661,1.2167226e-06
24662,1.8842384e-08
24663,0.9999676
24664,9.560501e-09
24665,0.9999769
24666,0.9999752
24667,4.5575876e-09
24668,0.99984944
24669,1.6157194e-06
24670,0.9999729
24671,0.00013639445
24672,0.99987394
24673,0.9999911
24674,5.6016394e-05
24675,2.4517288e-07
24676,1.5357871e-07
24677,4.2763585e-08
24678,2.3032035e-07
24679,1.061536e-08
24680,0.9999713
24681,4.6963027e-08
24682,0.9999801
24683,3.985378e-07
24684,0.9999885
24685,9.2083457e-07
24686,0.9997136
24687,6.0205457e-06
24688,0.99996805
24689,4.6531124e-08
24690,0.0019075006
24691,0.9999805
24692,1.4773464e-07
24693,0.99997795
24694,0.99998885
24695,0.9758153
24696,0.99998254
24697,9.458419e-06
24698,2.181688e-07
24699,0.9999979
24700,0.9998159
24701,4.936613e-08
24702,0.3121732
24703,0.99898124
24704,1.2526117e-06
24705,1.1797831e-08
24706,1.1658702e-06
24707,1.0205542e-07
24708,0.9999574
24709,7.5514517e-06
24710,0.99999654
24711,0.99987274
24712,1.9686458e-06
24713,0.00013432636
24714,0.9999983
24715,0.9994655
24716,5.1896455e-07
24717,0.99999356
24718,0.99997693
24719,0.99949044
24720,0.00022587311
24721,0.12704827
24722,3.0623662e-06
24723,1.5796587e-07
24724,3.350876e-07
24725,1.0547376e-06
24726,0.84233516
24727,1.5338506e-07
24728,0.99996626
24729,0.99678814
24730,0.9998274
24731,1.5011009e-06
24732,0.99995947
24733,1.1954279e-07
24734,0.9996812
24735,0.9999923
24736,0.9997944
24737,0.9999938
24738,0.99999905
24739,4.3683853e-05
24740,8.034089e-05
24741,1.0006734e-06
24742,0.9999935
24743,0.9997088
24744,9.2892714e-07
24745,0.9999947
24746,0.9920641
24747,2.0208051e-07
24748,0.99998295
24749,0.00026365503
24750,1.6770073e-07
24751,5.2661976e-06
24752,1.9541328e-06
24753,1.1590136e-06
24754,0.9999944
24755,3.7367975e-09
24756,1.2634209e-07
24757,0.9999874
24758,0.9999814
24759,0.9999843
24760,2.3714742e-08
24761,0.9999471
24762,9.2126936e-07
24763,0.99996525
24764,2.1391122e-06
24765,2.2922947e-08
24766,1.0635286e-07
24767,1.4105969e-08
24768,1.7882294e-05
24769,7.1012686e-08
24770,4.90452e-10
24771,6.413938e-10
24772,2.5510611e-09
24773,3.1736306e-06
24774,0.9983086
24775,5.9352985e-09
24776,8.2965414e-08
24777,0.0035500862
24778,0.00034563293
24779,0.9999402
24780,2.4427742e-09
24781,0.9999439
24782,1.3117105e-07
24783,1.976108e-08
24784,6.423398e-05
24785,0.99998957
24786,5.648315e-07
24787,0.9999964
24788,0.9989932
24789,0.9980862
24790,0.00019914174
24791,3.1114084e-07
24792,0.094110444
24793,1.3964696e-07
24794,0.9999634
24795,0.99969643
24796,3.2275157e-08
24797,9.153981e-05
24798,1.7031477e-08
24799,0.9999884
24800,3.1456568e-07
24801,0.9999949
24802,2.0918878e-09
24803,0.998999
24804,0.9988488
24805,0.99998814
24806,0.99999285
24807,3.9760043e-06
24808,0.9998909
24809,4.6882658e-07
24810,0.9999879
24811,3.6225742e-09
24812,0.9999594
24813,0.99871373
24814,2.3515976e-07
24815,0.9998573
24816,1.3509916e-06
24817,0.999502
24818,0.75273615
24819,5.588195e-06
24820,0.99997926
24821,3.1225344e-08
24822,0.99998236
24823,0.9999836
24824,0.99998856
24825,1.8748799e-06
24826,5.7269212e-06
24827,1.8793646e-07
24828,0.9990911
24829,1.1206538e-06
24830,0.9996175
24831,0.00022583497
24832,4.6754582e-09
24833,0.9999944
24834,7.224442e-07
24835,0.99984366
24836,0.99998873
24837,2.748296e-05
24838,0.9999413
24839,0.9997958
24840,0.9999682
24841,0.9998674
24842,0.99998325
24843,0.99997807
24844,0.9999792
24845,4.2423675e-08
24846,2.3557574e-09
24847,0.99999577
24848,4.9772284e-06
24849,0.99999124
24850,4.9476792e-08
24851,2.0495591e-07
24852,0.9999928
24853,0.9999857
24854,1.6999759e-07
24855,0.99987376
24856,7.2501423e-09
24857,4.901336e-08
24858,1.365395e-06
24859,1.4547546e-06
24860,1.0707784e-06
24861,0.9995102
24862,8.16264e-06
24863,0.9999911
24864,0.9993671
24865,6.779284e-08
24866,5.0140187e-07
24867,0.99999875
24868,0.99985456
24869,2.6296055e-05
24870,0.99993175
24871,0.9999765
24872,1.6799589e-06
24873,0.99996024
24874,0.99999636
24875,1.3473182e-06
24876,0.99997187
24877,0.9999195
24878,0.99964297
24879,3.6004096e-08
24880,0.9999902
24881,0.9993976
24882,1.2632572e-06
24883,0.99982977
24884,0.99998754
24885,6.7694174e-07
24886,1.6238849e-06
24887,0.9999532
24888,0.71246594
24889,0.00021900957
24890,1.1573077e-07
24891,0.9999227
24892,3.3804923e-07
24893,0.9999969
24894,1.0485242e-05
24895,0.9638095
24896,0.047867518
24897,0.99998885
24898,4.1038095e-07
24899,2.4398867e-07
24900,0.99973506
24901,1.5024642e-07
24902,0.99928427
24903,0.9997045
24904,0.99999803
24905,4.942486e-05
24906,0.9999905
24907,3.5201494e-05
24908,0.999998
24909,5.0546234e-09
24910,0.0017139952
24911,0.9962017
24912,0.931425
24913,0.0052396893
24914,0.9968114
24915,0.9999784
24916,1.1691003e-08
24917,3.157304e-09
24918,0.9999923
24919,0.9998938
24920,8.388973e-09
24921,1.4160862e-06
24922,9.971116e-07
24923,0.9999889
24924,0.99999136
24925,0.9999656
24926,0.99996245
24927,4.267762e-07
24928,0.99998313
24929,0.45164293
24930,0.99988246
24931,1.0952348e-08
24932,1.1274174e-09
24933,0.9999911
24934,0.7379976
24935,7.222796e-05
24936,0.027596118
24937,0.9999975
24938,0.99999195
24939,0.23188353
24940,1.617807e-06
24941,1.1697895e-08
24942,0.67593604
24943,0.99979615
24944,0.9999162
24945,0.99999344
24946,0.9999978
24947,2.0013118e-07
24948,0.9660957
24949,4.072801e-08
24950,0.9999952
24951,1.3967973e-07
24952,3.2448486e-07
24953,6.853552e-07
24954,3.257536e-07
24955,3.2659198e-05
24956,0.96913564
24957,0.99937487
24958,3.887083e-06
24959,0.9862416
24960,0.9998594
24961,8.507828e-09
24962,8.436795e-05
24963,0.9986814
24964,3.1943827e-08
24965,7.408429e-07
24966,0.99992734
24967,0.9935247
24968,4.837602e-09
24969,0.9999704
24970,0.999842
24971,2.6428709e-06
24972,0.99998903
24973,0.9995714
24974,3.093862e-05
24975,0.9995931
24976,0.99830943
24977,1.5081916e-08
24978,0.9999863
24979,6.17179e-07
24980,2.965239e-06
24981,5.056255e-06
24982,3.2312996e-06
24983,0.99993384
24984,0.9999736
24985,0.99999183
24986,0.99997914
24987,2.1806074e-05
24988,4.675521e-05
24989,0.9999753
24990,0.999963
24991,2.0931301e-08
24992,6.782109e-07
24993,0.98989916
24994,6.609295e-08
24995,1.0297182e-06
24996,1.0805135e-05
24997,0.00014174818
24998,0.9999254
24999,0.99998194
25000,0.9999982
25001,1.3105039e-09
25002,0.99997103
25003,0.99997437
25004,0.9999854
25005,0.0006302987
25006,0.09561021
25007,0.99979043
25008,0.9999869
25009,0.99733233
25010,0.9999897
25011,0.9996644
25012,2.4156834e-06
25013,1.4753499e-07
25014,0.99993324
25015,0.9999947
25016,2.4059855e-06
25017,0.99978757
25018,0.9999882
25019,2.4471472e-05
25020,0.99991727
25021,0.9998254
25022,0.9999926
25023,2.9088902e-08
25024,0.9999793
25025,0.9999507
25026,7.6077595e-05
25027,0.999999
25028,0.99893284
25029,9.832006e-07
25030,7.9638056e-08
25031,0.9999498
25032,2.2350335e-08
25033,6.339147e-08
25034,6.3310604e-06
25035,0.99984527
25036,1.8273223e-08
25037,1.0844599e-06
25038,0.99998987
25039,0.999996
25040,1.1530245e-07
25041,1.5811985e-08
25042,0.9968665
25043,7.5072057e-06
25044,1.5521694e-07
25045,0.83702856
25046,0.9999978
25047,0.99981385
25048,1.9814463e-05
25049,0.9999956
25050,0.99990743
25051,0.9999672
25052,2.7412774e-09
25053,2.121248e-07
25054,0.99999386
25055,0.9999883
25056,0.99999326
25057,0.9999451
25058,7.496279e-07
25059,0.9999895
25060,7.4625115e-07
25061,0.99991864
25062,0.99991
25063,1.3646266e-07
25064,0.999982
25065,0.9999984
25066,0.99989694
25067,0.88041544
25068,0.9995317
25069,0.9999876
25070,5.6800394e-07
25071,0.9999932
25072,4.519904e-09
25073,7.9722405e-08
25074,0.9998274
25075,1.2448232e-05
25076,3.7073022e-08
25077,0.9999906
25078,1.5773615e-07
25079,5.651025e-07
25080,3.1921692e-05
25081,0.9999969
25082,0.000119020515
25083,3.0820325e-07
25084,0.92428714
25085,7.574091e-06
25086,0.9999241
25087,0.9999646
25088,0.99996024
25089,2.1808195e-05
25090,0.99996984
25091,1.1021355e-08
25092,0.9999889
25093,0.9998891
25094,0.9942097
25095,0.9997245
25096,0.99985904
25097,0.999998
25098,2.1355439e-07
25099,1.2846173e-09
25100,0.9985618
25101,0.99902874
25102,0.999995
25103,3.714671e-06
25104,0.99383473
25105,0.9999257
25106,2.4398604e-08
25107,5.661463e-08
25108,0.99999505
25109,0.99999213
25110,2.09895e-09
25111,2.8965553e-06
25112,0.0005194338
25113,1.9393215e-06
25114,0.9999982
25115,1.3700369e-09
25116,6.752374e-09
25117,0.9999152
25118,0.99993956
25119,1.0966501e-06
25120,2.458409e-09
25121,0.9998727
25122,2.0445594e-07
25123,0.9999978
25124,0.9999641
25125,0.9999986
25126,5.208243e-10
25127,0.99989974
25128,7.579619e-06
25129,4.3328846e-06
25130,0.99996597
25131,0.999981
25132,1.980447e-05
25133,1.9717147e-07
25134,0.99998003
25135,0.00044659368
25136,6.8573742e-09
25137,0.99999326
25138,0.9999903
25139,0.99998057
25140,1.4250158e-08
25141,1.8669564e-07
25142,2.1730923e-06
25143,0.9999896
25144,0.9993389
25145,0.99968725
25146,7.579037e-09
25147,1.3696822e-08
25148,8.517925e-05
25149,0.9999443
25150,1.8809138e-07
25151,0.72588575
25152,0.99974316
25153,1.5092944e-06
25154,0.9998694
25155,1.1351306e-06
25156,7.11904e-07
25157,4.1800348e-07
25158,0.9999675
25159,4.5502762e-08
25160,1.2394041e-06
25161,0.99999803
25162,4.2839837e-08
25163,7.519701e-08
25164,0.9999962
25165,6.999738e-06
25166,8.92908e-06
25167,2.1997666e-05
25168,1.3212097e-06
25169,0.9994617
25170,0.9999955
25171,1.2307692e-06
25172,0.9953443
25173,1.5149155e-06
25174,0.99995214
25175,1.6257833e-09
25176,1.3340405e-06
25177,0.9998938
25178,0.99987507
25179,0.99982744
25180,0.99962837
25181,0.9961507
25182,0.9999824
25183,3.182257e-08
25184,0.9999953
25185,0.7044743
25186,0.99999213
25187,2.88474e-06
25188,0.9999866
25189,0.00014789218
25190,2.2674199e-07
25191,0.9996696
25192,0.9999848
25193,0.690702
25194,0.9999921
25195,0.99991757
25196,6.378391e-06
25197,0.9999964
25198,0.9999625
25199,0.9999966
25200,3.6114732e-06
25201,0.9999989
25202,0.9999241
25203,5.9410723e-07
25204,0.99997926
25205,0.9999459
25206,2.9898983e-06
25207,0.002136084
25208,0.99998826
25209,1.5581636e-08
25210,3.5172047e-07
25211,2.2352206e-06
25212,0.9998902
25213,0.9997028
25214,0.9999494
25215,2.5440118e-05
25216,1.706641e-07
25217,0.0029003446
25218,0.99999624
25219,2.4097055e-06
25220,2.8390764e-06
25221,0.9999339
25222,0.9999945
25223,0.9995204
25224,0.99972546
25225,4.049053e-08
25226,0.99917996
25227,6.485009e-07
25228,2.960413e-08
25229,0.99995947
25230,1.7027384e-08
25231,7.780769e-07
25232,0.09254745
25233,1.3701809e-06
25234,0.999449
25235,1.8535784e-09
25236,0.99999607
25237,0.99998665
25238,0.9989212
25239,0.9999102
25240,0.9998938
25241,2.3288164e-06
25242,1.6067504e-07
25243,0.9999571
25244,2.0761348e-07
25245,3.0065266e-09
25246,0.9999786
25247,9.050871e-09
25248,0.99995965
25249,3.5803862e-07
25250,0.9999727
25251,0.99999
25252,0.9999484
25253,8.572757e-09
25254,7.07589e-07
25255,0.999995
25256,0.22793926
25257,0.9999193
25258,0.99999
25259,9.831072e-10
25260,3.1744598e-06
25261,0.0021074172
25262,7.303191e-08
25263,0.9999915
25264,7.744644e-10
25265,0.99997
25266,0.9999776
25267,0.99999833
25268,1.14640475e-08
25269,0.9998579
25270,0.0003514733
25271,1.2399563e-08
25272,0.9999241
25273,0.9994297
25274,2.0620197e-05
25275,0.9986817
25276,1.1048043e-08
25277,0.9999385
25278,0.9999946
25279,5.5800513e-08
25280,0.99990857
25281,0.99990034
25282,0.9999929
25283,0.9999241
25284,0.99506503
25285,8.0270246e-10
25286,0.99988395
25287,1.925829e-05
25288,0.99998295
25289,7.238346e-08
25290,4.390218e-06
25291,0.99998385
25292,2.0279039e-07
25293,3.0429956e-07
25294,2.7304384e-06
25295,2.9642311e-05
25296,0.99987805
25297,0.9999881
25298,0.9999379
25299,0.99777126
25300,5.2142866e-07
25301,1.3048408e-07
25302,7.573199e-09
25303,9.515079e-05
25304,2.2997729e-07
25305,2.6920939e-06
25306,0.9999494
25307,0.9999913
25308,2.8484899e-06
25309,7.8804284e-08
25310,1.6572467e-06
25311,0.013414529
25312,3.60212e-08
25313,0.9995809
25314,0.99999565
25315,0.9999687
25316,1.8580112e-08
25317,0.99992484
25318,0.99999416
25319,0.007341037
25320,1.98287e-08
25321,0.9998422
25322,4.5764195e-06
25323,0.9999886
25324,1.1458964e-06
25325,0.0003019155
25326,1.4525476e-06
25327,7.7548506e-08
25328,1.1700443e-07
25329,0.00035173036
25330,0.9999147
25331,8.1839045e-07
25332,0.9999966
25333,0.0012513407
25334,3.237238e-08
25335,0.99996036
25336,0.9999944
25337,0.9999929
25338,5.2685074e-05
25339,0.9999481
25340,1.8367922e-06
25341,0.99998754
25342,2.139527e-07
25343,3.4278113e-08
25344,0.99987215
25345,0.9999572
25346,0.999998
25347,0.99999887
25348,1.2521049e-07
25349,0.9999628
25350,0.99874985
25351,2.4100083e-05
25352,6.008232e-08
25353,0.9999335
25354,0.99649525
25355,0.99996674
25356,0.00012220268
25357,1.7407756e-06
25358,0.99999446
25359,0.9999896
25360,0.9999241
25361,0.9999839
25362,2.23547e-06
25363,0.9999241
25364,4.000316e-07
25365,1.25082e-06
25366,1.8083622e-07
25367,0.99870294
25368,1.1281803e-05
25369,2.0156753e-08
25370,2.4970663e-05
25371,0.6792183
25372,3.1236927e-10
25373,0.999946
25374,4.5496602e-08
25375,0.9999976
25376,1.6596505e-05
25377,0.999995
25378,1.0063295e-07
25379,3.9394174e-05
25380,0.9999003
25381,3.99326e-06
25382,0.99991775
25383,0.99981683
25384,0.9999773
25385,5.742935e-06
25386,0.9999763
25387,0.9999655
25388,2.470334e-09
25389,0.99568015
25390,6.428421e-08
25391,5.4698455e-09
25392,1.2436926e-06
25393,0.99876046
25394,2.8050822e-08
25395,0.9994642
25396,0.9999562
25397,0.99361926
25398,6.2479515e-09
25399,8.190036e-08
25400,0.9999653
25401,0.9999923
25402,0.9999958
25403,0.9999836
25404,0.9999157
25405,0.9999987
25406,0.99999815
25407,1.2590601e-08
25408,3.8392745e-06
25409,0.99999326
25410,0.9587923
25411,1.9642503e-05
25412,2.0984403e-06
25413,0.9999934
25414,0.9997346
25415,0.99997044
25416,1.057866e-05
25417,6.909948e-08
25418,8.8858155e-07
25419,1.0957563e-06
25420,0.9998943
25421,0.999979
25422,8.820644e-06
25423,1.5967878e-07
25424,0.9999713
25425,3.6778698e-07
25426,0.99999845
25427,0.9999963
25428,0.99999887
25429,0.9999993
25430,0.99998444
25431,0.99999404
25432,2.8093044e-05
25433,0.0013845599
25434,8.3788996e-07
25435,0.99990714
25436,6.0628037e-07
25437,0.9999241
25438,0.9999944
25439,7.762691e-09
25440,0.99998915
25441,2.1826343e-08
25442,3.954156e-05
25443,6.4093217e-07
25444,2.7711966e-08
25445,0.9999241
25446,2.3479732e-10
25447,0.9998899
25448,3.929683e-07
25449,6.9935463e-06
25450,2.0393814e-07
25451,0.99996233
25452,2.9682874e-07
25453,0.99988455
25454,6.272692e-09
25455,1.1036902e-06
25456,2.6267315e-07
25457,0.99999195
25458,0.9975298
25459,0.9999993
25460,6.6140844e-09
25461,0.9999451
25462,2.1416394e-08
25463,0.00020127381
25464,0.9993015
25465,2.0820077e-07
25466,0.9999032
25467,2.3314593e-08
25468,0.9997992
25469,2.8741408e-07
25470,0.9998191
25471,0.9999717
25472,1.0153939e-06
25473,2.3283485e-08
25474,0.9999463
25475,0.9999751
25476,6.1543693e-07
25477,0.9999971
25478,8.065523e-08
25479,2.9970852e-09
25480,0.9999922
25481,0.99993557
25482,0.9999748
25483,0.99831027
25484,2.022147e-05
25485,0.9999241
25486,0.99994487
25487,0.9906037
25488,3.5876494e-07
25489,0.00021627889
25490,3.6696852e-05
25491,0.99999326
25492,0.9999739
25493,6.598953e-08
25494,3.2198286e-06
25495,0.99998283
25496,0.99994016
25497,0.9999548
25498,0.9986184
25499,0.9998938
25500,4.680805e-08
25501,0.08651857
25502,0.9999957
25503,0.99994886
25504,0.00067237305
25505,0.9999362
25506,0.9999717
25507,0.8904625
25508,0.9999956
25509,0.00013330595
25510,0.9998938
25511,0.92431897
25512,0.9999294
25513,0.9999951
25514,3.6116227e-05
25515,4.6334867e-07
25516,0.9999559
25517,4.700313e-07
25518,2.1952095e-08
25519,0.99999887
25520,0.99999857
25521,8.675242e-07
25522,0.99999815
25523,1.42063845e-08
25524,0.99999356
25525,0.00020845015
25526,0.99991477
25527,6.3242474e-06
25528,2.9356508e-07
25529,0.9999035
25530,1.2241804e-07
25531,1.2269603e-06
25532,0.999958
25533,5.999472e-08
25534,0.9993244
25535,0.9999545
25536,0.9999927
25537,2.62998e-07
25538,0.9999393
25539,4.4629854e-07
25540,0.00062389235
25541,0.99998665
25542,4.2169166e-05
25543,0.999969
25544,0.9999936
25545,0.00015635046
25546,0.99998677
25547,0.99997663
25548,2.631139e-07
25549,0.61275953
25550,5.8626746e-08
25551,0.99998254
25552,8.877229e-10
25553,4.2887323e-06
25554,2.1394552e-08
25555,0.004896086
25556,0.9997567
25557,3.9158483e-08
25558,0.99996656
25559,0.9999925
25560,0.00049402606
25561,0.9997597
25562,0.9987243
25563,3.6802743e-09
25564,4.150347e-07
25565,1.3582308e-05
25566,0.99996763
25567,6.7335324e-09
25568,0.9999751
25569,0.99999696
25570,0.9999921
25571,2.3434394e-07
25572,0.99994886
25573,0.8625463
25574,5.726771e-05
25575,0.99999887
25576,0.99860007
25577,0.99999434
25578,3.995248e-06
25579,0.9998689
25580,7.6430624e-05
25581,0.99999386
25582,2.1909956e-07
25583,0.9999966
25584,0.99998677
25585,7.299209e-08
25586,9.0218816e-07
25587,0.9999749
25588,6.5415705e-08
25589,1.782501e-07
25590,3.1996393e-08
25591,0.99993783
25592,8.253484e-08
25593,2.2106256e-08
25594,1.2420427e-06
25595,0.9999946
25596,1.621451e-07
25597,0.9999667
25598,0.9999689
25599,3.251187e-05
25600,0.999996
25601,0.9997708
25602,5.878922e-07
25603,0.9999462
25604,0.018964304
25605,9.258403e-06
25606,2.0978767e-07
25607,1.15376366e-07
25608,0.99999523
25609,0.9999241
25610,1.6672354e-07
25611,0.99996275
25612,0.99999917
25613,9.811205e-08
25614,0.9997977
25615,1.2097153e-09
25616,2.5858942e-06
25617,2.9936365e-07
25618,2.8331834e-07
25619,8.301208e-05
25620,0.99998665
25621,3.3019012e-06
25622,0.9999203
25623,0.99996805
25624,0.99996203
25625,0.9999706
25626,0.9996091
25627,0.9999863
25628,4.9845306e-07
25629,0.999968
25630,0.9999241
25631,0.99997914
25632,0.9999868
25633,0.99997157
25634,0.9999379
25635,0.9999954
25636,4.16032e-06
25637,6.941705e-08
25638,0.00016052485
25639,0.9999061
25640,0.999998
25641,2.1257863e-07
25642,1.901576e-07
25643,0.9999993
25644,6.7158834e-09
25645,0.99997723
25646,0.0036313187
25647,7.893829e-09
25648,1.1720193e-06
25649,0.99977756
25650,0.9979113
25651,1.1584517e-07
25652,0.00065644947
25653,0.99999416
25654,2.5515694e-06
25655,0.99991065
25656,0.95303154
25657,1.2245198e-08
25658,0.99963886
25659,3.5859526e-07
25660,1.5817866e-08
25661,1.006695e-05
25662,0.9999871
25663,0.0011616395
25664,8.180261e-07
25665,7.649534e-08
25666,0.9999984
25667,8.177943e-06
25668,1.3370428e-08
25669,1.2438243e-06
25670,2.213954e-09
25671,0.0026874244
25672,0.99999374
25673,0.99988866
25674,4.939542e-06
25675,9.9631025e-06
25676,6.12219e-07
25677,6.761526e-05
25678,0.99999344
25679,1.0012729e-05
25680,0.00030087927
25681,0.9999813
25682,0.60355693
25683,1.591743e-07
25684,3.772497e-09
25685,0.9999054
25686,0.9999241
25687,4.0659995e-09
25688,0.9999698
25689,6.8723034e-07
25690,1.1668814e-08
25691,5.87212e-08
25692,7.1822006e-07
25693,1.246356e-08
25694,0.9935549
25695,0.99960375
25696,1.2458052e-07
25697,0.999293
25698,2.8456722e-07
25699,0.9999328
25700,0.9999758
25701,7.370836e-09
25702,0.99998516
25703,3.1952595e-06
25704,1.8706952e-08
25705,5.548033e-08
25706,0.9993139
25707,8.205169e-07
25708,0.9999973
25709,0.99937934
25710,0.9998331
25711,0.9998845
25712,0.9999953
25713,9.474742e-06
25714,0.0017139952
25715,0.9992761
25716,5.703641e-05
25717,0.9999945
25718,0.9999714
25719,1.4485097e-06
25720,0.9997374
25721,3.9384844e-08
25722,6.9637714e-08
25723,4.9798977e-08
25724,0.99986637
25725,0.9999766
25726,0.99999917
25727,1.16570845e-07
25728,1.2939847e-08
25729,1.218497e-05
25730,0.9999873
25731,0.9999926
25732,0.9999912
25733,2.0177369e-08
25734,0.99998206
25735,6.25218e-07
25736,4.884375e-07
25737,0.9999355
25738,2.9055939e-06
25739,0.99995416
25740,0.9999614
25741,2.9172062e-07
25742,5.361137e-08
25743,0.9997489
25744,3.470295e-08
25745,0.002743079
25746,1.1388851e-07
25747,0.99998003
25748,3.1541498e-09
25749,5.831704e-07
25750,0.99995005
25751,0.9999805
25752,0.99985135
25753,0.9999938
25754,4.1176493e-09
25755,0.9993311
25756,0.9999067
25757,0.9999959
25758,1.4373373e-06
25759,4.4927524e-09
25760,3.2100465e-07
25761,0.9998938
25762,0.99998695
25763,0.999714
25764,0.9999793
25765,6.721076e-08
25766,3.6548485e-08
25767,0.9997839
25768,0.9999241
25769,0.99999607
25770,1.3691069e-07
25771,6.7412196e-07
25772,0.9998236
25773,3.407598e-06
25774,3.8855156e-08
25775,2.1522398e-07
25776,2.8331447e-08
25777,4.8589005e-08
25778,4.25629e-09
25779,1.583745e-09
25780,0.99991494
25781,5.7446736e-09
25782,0.99998975
25783,0.9999775
25784,2.4984309e-05
25785,1.0958701e-08
25786,4.643615e-09
25787,0.9999983
25788,0.73500884
25789,0.9999205
25790,5.082284e-08
25791,0.99997026
25792,3.1640393e-08
25793,0.99915195
25794,1.06410445e-08
25795,5.3910117e-07
25796,1.5240782e-07
25797,0.99956447
25798,9.345019e-09
25799,0.9999086
25800,0.9999882
25801,7.512117e-08
25802,0.9999751
25803,1.9538924e-05
25804,7.9970164e-07
25805,2.8048628e-08
25806,1.4413497e-06
25807,0.9999909
25808,0.99997205
25809,7.557169e-07
25810,0.9999953
25811,0.99999446
25812,8.645677e-05
25813,2.4105438e-07
25814,0.9999949
25815,0.9595542
25816,2.3425032e-07
25817,0.9999335
25818,0.99998295
25819,0.99991995
25820,0.99986804
25821,4.8540816e-09
25822,0.9999241
25823,9.2195666e-07
25824,0.99999326
25825,0.9999929
25826,0.9997413
25827,2.1726244e-08
25828,1.3508484e-05
25829,1.873023e-08
25830,1.3033049e-09
25831,0.9999929
25832,4.3998398e-07
25833,3.563571e-08
25834,3.080069e-08
25835,6.576271e-09
25836,0.9995922
25837,1.2983551e-09
25838,1.3006877e-06
25839,2.3757667e-07
25840,1.2992818e-06
25841,1.6350832e-07
25842,0.99999577
25843,0.9999987
25844,0.9999652
25845,0.99997824
25846,0.9999786
25847,2.47245e-07
25848,1.3550302e-07
25849,0.99999505
25850,0.9999934
25851,2.0189813e-05
25852,7.0235046e-08
25853,0.99992555
25854,9.129021e-07
25855,5.5378493e-09
25856,3.8615784e-07
25857,0.99939984
25858,5.172027e-07
25859,8.6578854e-07
25860,1.2400565e-05
25861,0.9994297
25862,7.859728e-08
25863,0.9999496
25864,8.416312e-06
25865,2.1403123e-08
25866,0.9998938
25867,0.9999581
25868,3.3376193e-06
25869,0.9999774
25870,1.9558818e-06
25871,0.9999658
25872,7.004411e-09
25873,0.99997383
25874,0.99999094
25875,0.99980885
25876,1.8963893e-07
25877,1.0077171e-06
25878,8.706812e-07
25879,0.9940966
25880,5.183483e-05
25881,3.906188e-08
25882,1.3567079e-08
25883,4.5593808e-07
25884,8.7065e-08
25885,0.9999757
25886,0.9998965
25887,0.15111083
25888,0.9999733
25889,0.11945168
25890,0.9999241
25891,0.99982095
25892,0.9999938
25893,1.2329307e-06
25894,2.0719192e-08
25895,0.99993646
25896,0.99999857
25897,7.6817294e-08
25898,0.99999505
25899,0.9999778
25900,0.9999946
25901,1.3017235e-07
25902,0.9999924
25903,3.97492e-05
25904,6.47488e-07
25905,0.99997747
25906,1.3238264e-09
25907,1.1242231e-07
25908,0.9999975
25909,0.9999684
25910,3.3689957e-08
25911,1.1392307e-09
25912,0.99999833
25913,1.5758474e-07
25914,4.8644302e-05
25915,0.9999639
25916,0.99998504
25917,0.9997539
25918,0.9999483
25919,0.99999475
25920,0.9999801
25921,0.9999386
25922,0.99998975
25923,0.99474263
25924,1.844627e-07
25925,5.738155e-07
25926,2.2501883e-08
25927,0.5933943
25928,2.2530184e-08
25929,0.9999832
25930,4.527661e-09
25931,1.5155008e-06
25932,4.182909e-06
25933,1.1808925e-09
25934,0.8896537
25935,0.99998426
25936,0.9999666
25937,0.9999799
25938,2.16798e-08
25939,0.00015214573
25940,0.99992305
25941,0.99993205
25942,6.634173e-09
25943,0.99999636
25944,0.9999767
25945,0.99999326
25946,0.99501413
25947,0.9998955
25948,6.2288427e-06
25949,1.2359361e-05
25950,0.99958867
25951,0.9999241
25952,0.9999858
25953,3.5262957e-08
25954,0.9999977
25955,3.1633334e-08
25956,1.6662068e-06
25957,4.647099e-08
25958,0.997722
25959,7.8286675e-08
25960,4.775881e-06
25961,0.9990668
25962,2.048019e-08
25963,0.99783057
25964,6.493871e-07
25965,0.019153895
25966,2.0716298e-09
25967,0.99998176
25968,3.4207287e-07
25969,2.7162037e-07
25970,0.9999473
25971,4.5487578e-08
25972,0.99951714
25973,4.806407e-07
25974,0.9999288
25975,1.4671909e-09
25976,4.7353893e-07
25977,1.5183477e-06
25978,5.4622586e-08
25979,5.37247e-05
25980,1.9501936e-06
25981,0.9999937
25982,2.0780177e-05
25983,5.021845e-09
25984,6.0854912e-09
25985,1.2138462e-08
25986,0.99998283
25987,1.3881333e-05
25988,9.3846524e-05
25989,0.9999793
25990,2.596295e-06
25991,4.3881858e-08
25992,0.99996316
25993,1.25720935e-05
25994,2.811047e-07
25995,3.5356282e-09
25996,1.5609962e-07
25997,8.0075097e-07
25998,0.99987423
25999,0.00044623282
